"Latitude","Longitude","Rainfall","dataDate","dataTime","validityDate","validityTime","Site","Region","Farm"
54.394,-6.589,1.8439102173,2017-04-01,0,2017-04-02,900,"B1","Border",1
54.394,-6.589,0,2017-04-02,0,2017-04-03,900,"B1","Border",1
54.394,-6.589,1.2810020447,2017-04-03,0,2017-04-04,900,"B1","Border",1
54.394,-6.589,0.00092697143555,2017-04-04,0,2017-04-05,900,"B1","Border",1
54.394,-6.589,0.049029350281,2017-04-05,0,2017-04-06,900,"B1","Border",1
54.394,-6.589,0.00010275840759,2017-04-06,0,2017-04-07,900,"B1","Border",1
54.394,-6.589,0.00056838989258,2017-04-07,0,2017-04-08,900,"B1","Border",1
54.394,-6.589,0.022411346436,2017-04-08,0,2017-04-09,900,"B1","Border",1
54.394,-6.589,0.13782691956,2017-04-09,0,2017-04-10,900,"B1","Border",1
54.394,-6.589,0,2017-04-10,0,2017-04-11,900,"B1","Border",1
54.394,-6.589,1.1181106567,2017-04-11,0,2017-04-12,900,"B1","Border",1
54.394,-6.589,0.47126579285,2017-04-12,0,2017-04-13,900,"B1","Border",1
54.394,-6.589,0.71737289429,2017-04-13,0,2017-04-14,900,"B1","Border",1
54.394,-6.589,1.2380332947,2017-04-14,0,2017-04-15,900,"B1","Border",1
54.394,-6.589,1.6841049194,2017-04-15,0,2017-04-16,900,"B1","Border",1
54.394,-6.589,4.7024364471,2017-04-16,0,2017-04-17,900,"B1","Border",1
54.394,-6.589,0.43083572388,2017-04-17,0,2017-04-18,900,"B1","Border",1
54.394,-6.589,0.011071205139,2017-04-18,0,2017-04-19,900,"B1","Border",1
54.394,-6.589,0.74264717102,2017-04-19,0,2017-04-20,900,"B1","Border",1
54.394,-6.589,0.099906921387,2017-04-20,0,2017-04-21,900,"B1","Border",1
54.394,-6.589,1.5063047409,2017-04-21,0,2017-04-22,900,"B1","Border",1
54.394,-6.589,0.0035591125488,2017-04-22,0,2017-04-23,900,"B1","Border",1
54.394,-6.589,0.7737827301,2017-04-23,0,2017-04-24,900,"B1","Border",1
54.394,-6.589,4.2925643921,2017-04-24,0,2017-04-25,900,"B1","Border",1
54.394,-6.589,0.18344497681,2017-04-25,0,2017-04-26,900,"B1","Border",1
54.394,-6.589,1.8056964874,2017-04-26,0,2017-04-27,900,"B1","Border",1
54.394,-6.589,1.6368942261,2017-04-27,0,2017-04-28,900,"B1","Border",1
54.394,-6.589,0.22287750244,2017-04-28,0,2017-04-29,900,"B1","Border",1
54.394,-6.589,3.3137741089,2017-04-29,0,2017-04-30,900,"B1","Border",1
54.394,-6.589,3.267616272,2017-04-30,0,2017-05-01,900,"B1","Border",1
54.239,-6.77999999999997,3.5140762329,2017-04-01,0,2017-04-02,900,"B2","Border",2
54.239,-6.77999999999997,0.00068855285645,2017-04-02,0,2017-04-03,900,"B2","Border",2
54.239,-6.77999999999997,3.0088253021,2017-04-03,0,2017-04-04,900,"B2","Border",2
54.239,-6.77999999999997,0.00030899047852,2017-04-04,0,2017-04-05,900,"B2","Border",2
54.239,-6.77999999999997,0.071788311005,2017-04-05,0,2017-04-06,900,"B2","Border",2
54.239,-6.77999999999997,0.00087261199951,2017-04-06,0,2017-04-07,900,"B2","Border",2
54.239,-6.77999999999997,0.0036888122559,2017-04-07,0,2017-04-08,900,"B2","Border",2
54.239,-6.77999999999997,0.037818908691,2017-04-08,0,2017-04-09,900,"B2","Border",2
54.239,-6.77999999999997,0.93707084656,2017-04-09,0,2017-04-10,900,"B2","Border",2
54.239,-6.77999999999997,0.00066375732422,2017-04-10,0,2017-04-11,900,"B2","Border",2
54.239,-6.77999999999997,0.29971313477,2017-04-11,0,2017-04-12,900,"B2","Border",2
54.239,-6.77999999999997,0.8147983551,2017-04-12,0,2017-04-13,900,"B2","Border",2
54.239,-6.77999999999997,0.40517997742,2017-04-13,0,2017-04-14,900,"B2","Border",2
54.239,-6.77999999999997,1.7441158295,2017-04-14,0,2017-04-15,900,"B2","Border",2
54.239,-6.77999999999997,2.1520004272,2017-04-15,0,2017-04-16,900,"B2","Border",2
54.239,-6.77999999999997,1.2221660614,2017-04-16,0,2017-04-17,900,"B2","Border",2
54.239,-6.77999999999997,0.57986450195,2017-04-17,0,2017-04-18,900,"B2","Border",2
54.239,-6.77999999999997,0.0047054290771,2017-04-18,0,2017-04-19,900,"B2","Border",2
54.239,-6.77999999999997,1.3858604431,2017-04-19,0,2017-04-20,900,"B2","Border",2
54.239,-6.77999999999997,0.14249038696,2017-04-20,0,2017-04-21,900,"B2","Border",2
54.239,-6.77999999999997,1.263012886,2017-04-21,0,2017-04-22,900,"B2","Border",2
54.239,-6.77999999999997,0.0099639892578,2017-04-22,0,2017-04-23,900,"B2","Border",2
54.239,-6.77999999999997,2.5269546509,2017-04-23,0,2017-04-24,900,"B2","Border",2
54.239,-6.77999999999997,1.8071403503,2017-04-24,0,2017-04-25,900,"B2","Border",2
54.239,-6.77999999999997,1.3195304871,2017-04-25,0,2017-04-26,900,"B2","Border",2
54.239,-6.77999999999997,1.4438362122,2017-04-26,0,2017-04-27,900,"B2","Border",2
54.239,-6.77999999999997,0.50555038452,2017-04-27,0,2017-04-28,900,"B2","Border",2
54.239,-6.77999999999997,0.12735748291,2017-04-28,0,2017-04-29,900,"B2","Border",2
54.239,-6.77999999999997,0.714012146,2017-04-29,0,2017-04-30,900,"B2","Border",2
54.239,-6.77999999999997,4.1664352417,2017-04-30,0,2017-05-01,900,"B2","Border",2
54.268,-6.476,2.4708099365,2017-04-01,0,2017-04-02,900,"B3","Border",3
54.268,-6.476,0.00045871734619,2017-04-02,0,2017-04-03,900,"B3","Border",3
54.268,-6.476,4.0778980255,2017-04-03,0,2017-04-04,900,"B3","Border",3
54.268,-6.476,0.0018539428711,2017-04-04,0,2017-04-05,900,"B3","Border",3
54.268,-6.476,0.019832611084,2017-04-05,0,2017-04-06,900,"B3","Border",3
54.268,-6.476,0.00010275840759,2017-04-06,0,2017-04-07,900,"B3","Border",3
54.268,-6.476,0.00028419494629,2017-04-07,0,2017-04-08,900,"B3","Border",3
54.268,-6.476,0.0051364898682,2017-04-08,0,2017-04-09,900,"B3","Border",3
54.268,-6.476,1.8072071075,2017-04-09,0,2017-04-10,900,"B3","Border",3
54.268,-6.476,0,2017-04-10,0,2017-04-11,900,"B3","Border",3
54.268,-6.476,0.49131011963,2017-04-11,0,2017-04-12,900,"B3","Border",3
54.268,-6.476,0.96527671814,2017-04-12,0,2017-04-13,900,"B3","Border",3
54.268,-6.476,0.077133178711,2017-04-13,0,2017-04-14,900,"B3","Border",3
54.268,-6.476,1.5499305725,2017-04-14,0,2017-04-15,900,"B3","Border",3
54.268,-6.476,2.339969635,2017-04-15,0,2017-04-16,900,"B3","Border",3
54.268,-6.476,2.3768806458,2017-04-16,0,2017-04-17,900,"B3","Border",3
54.268,-6.476,0.67342567444,2017-04-17,0,2017-04-18,900,"B3","Border",3
54.268,-6.476,0.068504333496,2017-04-18,0,2017-04-19,900,"B3","Border",3
54.268,-6.476,0.32670879364,2017-04-19,0,2017-04-20,900,"B3","Border",3
54.268,-6.476,0.050363540649,2017-04-20,0,2017-04-21,900,"B3","Border",3
54.268,-6.476,1.427110672,2017-04-21,0,2017-04-22,900,"B3","Border",3
54.268,-6.476,0.0037956237793,2017-04-22,0,2017-04-23,900,"B3","Border",3
54.268,-6.476,1.2093200684,2017-04-23,0,2017-04-24,900,"B3","Border",3
54.268,-6.476,3.5212783813,2017-04-24,0,2017-04-25,900,"B3","Border",3
54.268,-6.476,0.29726791382,2017-04-25,0,2017-04-26,900,"B3","Border",3
54.268,-6.476,1.8268489838,2017-04-26,0,2017-04-27,900,"B3","Border",3
54.268,-6.476,1.5112495422,2017-04-27,0,2017-04-28,900,"B3","Border",3
54.268,-6.476,0.068656921387,2017-04-28,0,2017-04-29,900,"B3","Border",3
54.268,-6.476,8.5049514771,2017-04-29,0,2017-04-30,900,"B3","Border",3
54.268,-6.476,3.7839813232,2017-04-30,0,2017-05-01,900,"B3","Border",3
54.198,-6.495,3.3505020142,2017-04-01,0,2017-04-02,900,"B4","Border",4
54.198,-6.495,0.0016059875488,2017-04-02,0,2017-04-03,900,"B4","Border",4
54.198,-6.495,3.3847084045,2017-04-03,0,2017-04-04,900,"B4","Border",4
54.198,-6.495,0.0024719238281,2017-04-04,0,2017-04-05,900,"B4","Border",4
54.198,-6.495,0.033032894135,2017-04-05,0,2017-04-06,900,"B4","Border",4
54.198,-6.495,0.0028235912323,2017-04-06,0,2017-04-07,900,"B4","Border",4
54.198,-6.495,0.0011348724365,2017-04-07,0,2017-04-08,900,"B4","Border",4
54.198,-6.495,0.026145935059,2017-04-08,0,2017-04-09,900,"B4","Border",4
54.198,-6.495,2.3830757141,2017-04-09,0,2017-04-10,900,"B4","Border",4
54.198,-6.495,0.0046501159668,2017-04-10,0,2017-04-11,900,"B4","Border",4
54.198,-6.495,0.1368560791,2017-04-11,0,2017-04-12,900,"B4","Border",4
54.198,-6.495,1.0789928436,2017-04-12,0,2017-04-13,900,"B4","Border",4
54.198,-6.495,0.31889915466,2017-04-13,0,2017-04-14,900,"B4","Border",4
54.198,-6.495,2.16771698,2017-04-14,0,2017-04-15,900,"B4","Border",4
54.198,-6.495,4.5427703857,2017-04-15,0,2017-04-16,900,"B4","Border",4
54.198,-6.495,3.6011962891,2017-04-16,0,2017-04-17,900,"B4","Border",4
54.198,-6.495,1.7807693481,2017-04-17,0,2017-04-18,900,"B4","Border",4
54.198,-6.495,0.26557636261,2017-04-18,0,2017-04-19,900,"B4","Border",4
54.198,-6.495,1.2812261581,2017-04-19,0,2017-04-20,900,"B4","Border",4
54.198,-6.495,0.11751365662,2017-04-20,0,2017-04-21,900,"B4","Border",4
54.198,-6.495,1.0801877975,2017-04-21,0,2017-04-22,900,"B4","Border",4
54.198,-6.495,0.025622367859,2017-04-22,0,2017-04-23,900,"B4","Border",4
54.198,-6.495,2.8716869354,2017-04-23,0,2017-04-24,900,"B4","Border",4
54.198,-6.495,3.5593032837,2017-04-24,0,2017-04-25,900,"B4","Border",4
54.198,-6.495,0.24216079712,2017-04-25,0,2017-04-26,900,"B4","Border",4
54.198,-6.495,2.1468524933,2017-04-26,0,2017-04-27,900,"B4","Border",4
54.198,-6.495,1.4112739563,2017-04-27,0,2017-04-28,900,"B4","Border",4
54.198,-6.495,0.35222625732,2017-04-28,0,2017-04-29,900,"B4","Border",4
54.198,-6.495,12.163208008,2017-04-29,0,2017-04-30,900,"B4","Border",4
54.198,-6.495,4.5519332886,2017-04-30,0,2017-05-01,900,"B4","Border",4
54.172,-6.99400000000003,1.9769630432,2017-04-01,0,2017-04-02,900,"B5","Border",5
54.172,-6.99400000000003,0.00068855285645,2017-04-02,0,2017-04-03,900,"B5","Border",5
54.172,-6.99400000000003,1.847328186,2017-04-03,0,2017-04-04,900,"B5","Border",5
54.172,-6.99400000000003,0.010812759399,2017-04-04,0,2017-04-05,900,"B5","Border",5
54.172,-6.99400000000003,0.02269411087,2017-04-05,0,2017-04-06,900,"B5","Border",5
54.172,-6.99400000000003,0.0068790912628,2017-04-06,0,2017-04-07,900,"B5","Border",5
54.172,-6.99400000000003,0.0079460144043,2017-04-07,0,2017-04-08,900,"B5","Border",5
54.172,-6.99400000000003,0.039218902588,2017-04-08,0,2017-04-09,900,"B5","Border",5
54.172,-6.99400000000003,1.4170913696,2017-04-09,0,2017-04-10,900,"B5","Border",5
54.172,-6.99400000000003,0.0019950866699,2017-04-10,0,2017-04-11,900,"B5","Border",5
54.172,-6.99400000000003,0.16970062256,2017-04-11,0,2017-04-12,900,"B5","Border",5
54.172,-6.99400000000003,0.88170623779,2017-04-12,0,2017-04-13,900,"B5","Border",5
54.172,-6.99400000000003,0.5173740387,2017-04-13,0,2017-04-14,900,"B5","Border",5
54.172,-6.99400000000003,3.3552246094,2017-04-14,0,2017-04-15,900,"B5","Border",5
54.172,-6.99400000000003,1.2014808655,2017-04-15,0,2017-04-16,900,"B5","Border",5
54.172,-6.99400000000003,1.782459259,2017-04-16,0,2017-04-17,900,"B5","Border",5
54.172,-6.99400000000003,0.8454246521,2017-04-17,0,2017-04-18,900,"B5","Border",5
54.172,-6.99400000000003,0.039165496826,2017-04-18,0,2017-04-19,900,"B5","Border",5
54.172,-6.99400000000003,0.85788536072,2017-04-19,0,2017-04-20,900,"B5","Border",5
54.172,-6.99400000000003,0.16705703735,2017-04-20,0,2017-04-21,900,"B5","Border",5
54.172,-6.99400000000003,1.4510116577,2017-04-21,0,2017-04-22,900,"B5","Border",5
54.172,-6.99400000000003,0.042229652405,2017-04-22,0,2017-04-23,900,"B5","Border",5
54.172,-6.99400000000003,1.3627128601,2017-04-23,0,2017-04-24,900,"B5","Border",5
54.172,-6.99400000000003,3.2579116821,2017-04-24,0,2017-04-25,900,"B5","Border",5
54.172,-6.99400000000003,2.4303627014,2017-04-25,0,2017-04-26,900,"B5","Border",5
54.172,-6.99400000000003,0.66458511353,2017-04-26,0,2017-04-27,900,"B5","Border",5
54.172,-6.99400000000003,1.2650928497,2017-04-27,0,2017-04-28,900,"B5","Border",5
54.172,-6.99400000000003,0.42584991455,2017-04-28,0,2017-04-29,900,"B5","Border",5
54.172,-6.99400000000003,0.84036254883,2017-04-29,0,2017-04-30,900,"B5","Border",5
54.172,-6.99400000000003,4.2171630859,2017-04-30,0,2017-05-01,900,"B5","Border",5
53.591,-6.40600000000001,1.1003990173,2017-04-01,0,2017-04-02,900,"D1","Dublin",1
53.591,-6.40600000000001,0.0064249038696,2017-04-02,0,2017-04-03,900,"D1","Dublin",1
53.591,-6.40600000000001,1.6027259827,2017-04-03,0,2017-04-04,900,"D1","Dublin",1
53.591,-6.40600000000001,0.0040168762207,2017-04-04,0,2017-04-05,900,"D1","Dublin",1
53.591,-6.40600000000001,0.0013656616211,2017-04-05,0,2017-04-06,900,"D1","Dublin",1
53.591,-6.40600000000001,0.02536034584,2017-04-06,0,2017-04-07,900,"D1","Dublin",1
53.591,-6.40600000000001,0.0017032623291,2017-04-07,0,2017-04-08,900,"D1","Dublin",1
53.591,-6.40600000000001,0.043888092041,2017-04-08,0,2017-04-09,900,"D1","Dublin",1
53.591,-6.40600000000001,1.928401947,2017-04-09,0,2017-04-10,900,"D1","Dublin",1
53.591,-6.40600000000001,0.046516418457,2017-04-10,0,2017-04-11,900,"D1","Dublin",1
53.591,-6.40600000000001,0.017791748047,2017-04-11,0,2017-04-12,900,"D1","Dublin",1
53.591,-6.40600000000001,0.17189788818,2017-04-12,0,2017-04-13,900,"D1","Dublin",1
53.591,-6.40600000000001,1.6880970001,2017-04-13,0,2017-04-14,900,"D1","Dublin",1
53.591,-6.40600000000001,1.5261688232,2017-04-14,0,2017-04-15,900,"D1","Dublin",1
53.591,-6.40600000000001,0.27433395386,2017-04-15,0,2017-04-16,900,"D1","Dublin",1
53.591,-6.40600000000001,2.671672821,2017-04-16,0,2017-04-17,900,"D1","Dublin",1
53.591,-6.40600000000001,0.51767539978,2017-04-17,0,2017-04-18,900,"D1","Dublin",1
53.591,-6.40600000000001,0.022834777832,2017-04-18,0,2017-04-19,900,"D1","Dublin",1
53.591,-6.40600000000001,0.57999324799,2017-04-19,0,2017-04-20,900,"D1","Dublin",1
53.591,-6.40600000000001,0.2800655365,2017-04-20,0,2017-04-21,900,"D1","Dublin",1
53.591,-6.40600000000001,0.44003009796,2017-04-21,0,2017-04-22,900,"D1","Dublin",1
53.591,-6.40600000000001,0.20332145691,2017-04-22,0,2017-04-23,900,"D1","Dublin",1
53.591,-6.40600000000001,0.75399971008,2017-04-23,0,2017-04-24,900,"D1","Dublin",1
53.591,-6.40600000000001,0.85029602051,2017-04-24,0,2017-04-25,900,"D1","Dublin",1
53.591,-6.40600000000001,0.003776550293,2017-04-25,0,2017-04-26,900,"D1","Dublin",1
53.591,-6.40600000000001,0.26554298401,2017-04-26,0,2017-04-27,900,"D1","Dublin",1
53.591,-6.40600000000001,0.73036003113,2017-04-27,0,2017-04-28,900,"D1","Dublin",1
53.591,-6.40600000000001,0.47360992432,2017-04-28,0,2017-04-29,900,"D1","Dublin",1
53.591,-6.40600000000001,1.6819152832,2017-04-29,0,2017-04-30,900,"D1","Dublin",1
53.591,-6.40600000000001,7.483757019,2017-04-30,0,2017-05-01,900,"D1","Dublin",1
53.569,-6.39999999999998,0.81942749023,2017-04-01,0,2017-04-02,900,"D2","Dublin",2
53.569,-6.39999999999998,0.0055065155029,2017-04-02,0,2017-04-03,900,"D2","Dublin",2
53.569,-6.39999999999998,1.3283920288,2017-04-03,0,2017-04-04,900,"D2","Dublin",2
53.569,-6.39999999999998,0.0040168762207,2017-04-04,0,2017-04-05,900,"D2","Dublin",2
53.569,-6.39999999999998,0.0029911994934,2017-04-05,0,2017-04-06,900,"D2","Dublin",2
53.569,-6.39999999999998,0.026284456253,2017-04-06,0,2017-04-07,900,"D2","Dublin",2
53.569,-6.39999999999998,0.0014190673828,2017-04-07,0,2017-04-08,900,"D2","Dublin",2
53.569,-6.39999999999998,0.043420791626,2017-04-08,0,2017-04-09,900,"D2","Dublin",2
53.569,-6.39999999999998,2.0792999268,2017-04-09,0,2017-04-10,900,"D2","Dublin",2
53.569,-6.39999999999998,0.063129425049,2017-04-10,0,2017-04-11,900,"D2","Dublin",2
53.569,-6.39999999999998,0.019157409668,2017-04-11,0,2017-04-12,900,"D2","Dublin",2
53.569,-6.39999999999998,0.18062591553,2017-04-12,0,2017-04-13,900,"D2","Dublin",2
53.569,-6.39999999999998,2.4932727814,2017-04-13,0,2017-04-14,900,"D2","Dublin",2
53.569,-6.39999999999998,3.2112922668,2017-04-14,0,2017-04-15,900,"D2","Dublin",2
53.569,-6.39999999999998,0.29008483887,2017-04-15,0,2017-04-16,900,"D2","Dublin",2
53.569,-6.39999999999998,3.1408691406,2017-04-16,0,2017-04-17,900,"D2","Dublin",2
53.569,-6.39999999999998,0.55549240112,2017-04-17,0,2017-04-18,900,"D2","Dublin",2
53.569,-6.39999999999998,0.041102409363,2017-04-18,0,2017-04-19,900,"D2","Dublin",2
53.569,-6.39999999999998,0.49936580658,2017-04-19,0,2017-04-20,900,"D2","Dublin",2
53.569,-6.39999999999998,0.26573562622,2017-04-20,0,2017-04-21,900,"D2","Dublin",2
53.569,-6.39999999999998,0.50442028046,2017-04-21,0,2017-04-22,900,"D2","Dublin",2
53.569,-6.39999999999998,0.19596672058,2017-04-22,0,2017-04-23,900,"D2","Dublin",2
53.569,-6.39999999999998,0.48677635193,2017-04-23,0,2017-04-24,900,"D2","Dublin",2
53.569,-6.39999999999998,0.91869354248,2017-04-24,0,2017-04-25,900,"D2","Dublin",2
53.569,-6.39999999999998,0.0032386779785,2017-04-25,0,2017-04-26,900,"D2","Dublin",2
53.569,-6.39999999999998,0.34700775146,2017-04-26,0,2017-04-27,900,"D2","Dublin",2
53.569,-6.39999999999998,0.70604133606,2017-04-27,0,2017-04-28,900,"D2","Dublin",2
53.569,-6.39999999999998,0.43778991699,2017-04-28,0,2017-04-29,900,"D2","Dublin",2
53.569,-6.39999999999998,1.2682952881,2017-04-29,0,2017-04-30,900,"D2","Dublin",2
53.569,-6.39999999999998,7.3711547852,2017-04-30,0,2017-05-01,900,"D2","Dublin",2
53.628,-6.72300000000001,0.73333740234,2017-04-01,0,2017-04-02,900,"D3","Dublin",3
53.628,-6.72300000000001,0.0080308914185,2017-04-02,0,2017-04-03,900,"D3","Dublin",3
53.628,-6.72300000000001,1.7357711792,2017-04-03,0,2017-04-04,900,"D3","Dublin",3
53.628,-6.72300000000001,0.00030899047852,2017-04-04,0,2017-04-05,900,"D3","Dublin",3
53.628,-6.72300000000001,0.023539066315,2017-04-05,0,2017-04-06,900,"D3","Dublin",3
53.628,-6.72300000000001,0.00087261199951,2017-04-06,0,2017-04-07,900,"D3","Dublin",3
53.628,-6.72300000000001,0.0039730072021,2017-04-07,0,2017-04-08,900,"D3","Dublin",3
53.628,-6.72300000000001,0.071434020996,2017-04-08,0,2017-04-09,900,"D3","Dublin",3
53.628,-6.72300000000001,2.4357509613,2017-04-09,0,2017-04-10,900,"D3","Dublin",3
53.628,-6.72300000000001,0,2017-04-10,0,2017-04-11,900,"D3","Dublin",3
53.628,-6.72300000000001,0.021896362305,2017-04-11,0,2017-04-12,900,"D3","Dublin",3
53.628,-6.72300000000001,0.18036079407,2017-04-12,0,2017-04-13,900,"D3","Dublin",3
53.628,-6.72300000000001,1.4905376434,2017-04-13,0,2017-04-14,900,"D3","Dublin",3
53.628,-6.72300000000001,0.71010017395,2017-04-14,0,2017-04-15,900,"D3","Dublin",3
53.628,-6.72300000000001,0.33428192139,2017-04-15,0,2017-04-16,900,"D3","Dublin",3
53.628,-6.72300000000001,3.510635376,2017-04-16,0,2017-04-17,900,"D3","Dublin",3
53.628,-6.72300000000001,0.32102584839,2017-04-17,0,2017-04-18,900,"D3","Dublin",3
53.628,-6.72300000000001,0.15001773834,2017-04-18,0,2017-04-19,900,"D3","Dublin",3
53.628,-6.72300000000001,0.93391036987,2017-04-19,0,2017-04-20,900,"D3","Dublin",3
53.628,-6.72300000000001,0.17360877991,2017-04-20,0,2017-04-21,900,"D3","Dublin",3
53.628,-6.72300000000001,0.68100357056,2017-04-21,0,2017-04-22,900,"D3","Dublin",3
53.628,-6.72300000000001,0.076868057251,2017-04-22,0,2017-04-23,900,"D3","Dublin",3
53.628,-6.72300000000001,0.56331062317,2017-04-23,0,2017-04-24,900,"D3","Dublin",3
53.628,-6.72300000000001,0.66096115112,2017-04-24,0,2017-04-25,900,"D3","Dublin",3
53.628,-6.72300000000001,0.088485717773,2017-04-25,0,2017-04-26,900,"D3","Dublin",3
53.628,-6.72300000000001,0.61165046692,2017-04-26,0,2017-04-27,900,"D3","Dublin",3
53.628,-6.72300000000001,0.76737785339,2017-04-27,0,2017-04-28,900,"D3","Dublin",3
53.628,-6.72300000000001,0.21591186523,2017-04-28,0,2017-04-29,900,"D3","Dublin",3
53.628,-6.72300000000001,0.33972167969,2017-04-29,0,2017-04-30,900,"D3","Dublin",3
53.628,-6.72300000000001,5.9884262085,2017-04-30,0,2017-05-01,900,"D3","Dublin",3
53.606,-6.71699999999998,0.96187210083,2017-04-01,0,2017-04-02,900,"D4","Dublin",4
53.606,-6.71699999999998,0.0082607269287,2017-04-02,0,2017-04-03,900,"D4","Dublin",4
53.606,-6.71699999999998,1.9965629578,2017-04-03,0,2017-04-04,900,"D4","Dublin",4
53.606,-6.71699999999998,0.00030899047852,2017-04-04,0,2017-04-05,900,"D4","Dublin",4
53.606,-6.71699999999998,0.024124622345,2017-04-05,0,2017-04-06,900,"D4","Dublin",4
53.606,-6.71699999999998,0.0012321472168,2017-04-06,0,2017-04-07,900,"D4","Dublin",4
53.606,-6.71699999999998,0.0039730072021,2017-04-07,0,2017-04-08,900,"D4","Dublin",4
53.606,-6.71699999999998,0.075168609619,2017-04-08,0,2017-04-09,900,"D4","Dublin",4
53.606,-6.71699999999998,2.1509857178,2017-04-09,0,2017-04-10,900,"D4","Dublin",4
53.606,-6.71699999999998,0,2017-04-10,0,2017-04-11,900,"D4","Dublin",4
53.606,-6.71699999999998,0.020530700684,2017-04-11,0,2017-04-12,900,"D4","Dublin",4
53.606,-6.71699999999998,0.22399711609,2017-04-12,0,2017-04-13,900,"D4","Dublin",4
53.606,-6.71699999999998,1.429561615,2017-04-13,0,2017-04-14,900,"D4","Dublin",4
53.606,-6.71699999999998,1.3248825073,2017-04-14,0,2017-04-15,900,"D4","Dublin",4
53.606,-6.71699999999998,0.38051223755,2017-04-15,0,2017-04-16,900,"D4","Dublin",4
53.606,-6.71699999999998,3.578622818,2017-04-16,0,2017-04-17,900,"D4","Dublin",4
53.606,-6.71699999999998,0.43615913391,2017-04-17,0,2017-04-18,900,"D4","Dublin",4
53.606,-6.71699999999998,0.12579917908,2017-04-18,0,2017-04-19,900,"D4","Dublin",4
53.606,-6.71699999999998,0.89089584351,2017-04-19,0,2017-04-20,900,"D4","Dublin",4
53.606,-6.71699999999998,0.23953056335,2017-04-20,0,2017-04-21,900,"D4","Dublin",4
53.606,-6.71699999999998,0.79159069061,2017-04-21,0,2017-04-22,900,"D4","Dublin",4
53.606,-6.71699999999998,0.078765869141,2017-04-22,0,2017-04-23,900,"D4","Dublin",4
53.606,-6.71699999999998,0.53088188171,2017-04-23,0,2017-04-24,900,"D4","Dublin",4
53.606,-6.71699999999998,0.74381256104,2017-04-24,0,2017-04-25,900,"D4","Dublin",4
53.606,-6.71699999999998,0.057189941406,2017-04-25,0,2017-04-26,900,"D4","Dublin",4
53.606,-6.71699999999998,0.58824729919,2017-04-26,0,2017-04-27,900,"D4","Dublin",4
53.606,-6.71699999999998,0.80925941467,2017-04-27,0,2017-04-28,900,"D4","Dublin",4
53.606,-6.71699999999998,0.20496368408,2017-04-28,0,2017-04-29,900,"D4","Dublin",4
53.606,-6.71699999999998,0.41123962402,2017-04-29,0,2017-04-30,900,"D4","Dublin",4
53.606,-6.71699999999998,6.3932037354,2017-04-30,0,2017-05-01,900,"D4","Dublin",4
53.469,-6.947,0.28018569946,2017-04-01,0,2017-04-02,900,"D5","Dublin",5
53.469,-6.947,0.0016059875488,2017-04-02,0,2017-04-03,900,"D5","Dublin",5
53.469,-6.947,1.5409126282,2017-04-03,0,2017-04-04,900,"D5","Dublin",5
53.469,-6.947,0.00092697143555,2017-04-04,0,2017-04-05,900,"D5","Dublin",5
53.469,-6.947,0,2017-04-05,0,2017-04-06,900,"D5","Dublin",5
53.469,-6.947,0.02371764183,2017-04-06,0,2017-04-07,900,"D5","Dublin",5
53.469,-6.947,0.0085124969482,2017-04-07,0,2017-04-08,900,"D5","Dublin",5
53.469,-6.947,0.085906982422,2017-04-08,0,2017-04-09,900,"D5","Dublin",5
53.469,-6.947,0.64200782776,2017-04-09,0,2017-04-10,900,"D5","Dublin",5
53.469,-6.947,0.0039863586426,2017-04-10,0,2017-04-11,900,"D5","Dublin",5
53.469,-6.947,0.03010559082,2017-04-11,0,2017-04-12,900,"D5","Dublin",5
53.469,-6.947,0.65982627869,2017-04-12,0,2017-04-13,900,"D5","Dublin",5
53.469,-6.947,0.35152244568,2017-04-13,0,2017-04-14,900,"D5","Dublin",5
53.469,-6.947,2.0584716797,2017-04-14,0,2017-04-15,900,"D5","Dublin",5
53.469,-6.947,0.91648101807,2017-04-15,0,2017-04-16,900,"D5","Dublin",5
53.469,-6.947,3.2534656525,2017-04-16,0,2017-04-17,900,"D5","Dublin",5
53.469,-6.947,1.2034282684,2017-04-17,0,2017-04-18,900,"D5","Dublin",5
53.469,-6.947,0.055218696594,2017-04-18,0,2017-04-19,900,"D5","Dublin",5
53.469,-6.947,1.2354106903,2017-04-19,0,2017-04-20,900,"D5","Dublin",5
53.469,-6.947,0.7304649353,2017-04-20,0,2017-04-21,900,"D5","Dublin",5
53.469,-6.947,0.22973632812,2017-04-21,0,2017-04-22,900,"D5","Dublin",5
53.469,-6.947,0.045788764954,2017-04-22,0,2017-04-23,900,"D5","Dublin",5
53.469,-6.947,0.64049530029,2017-04-23,0,2017-04-24,900,"D5","Dublin",5
53.469,-6.947,0.59801101685,2017-04-24,0,2017-04-25,900,"D5","Dublin",5
53.469,-6.947,2.4648590088,2017-04-25,0,2017-04-26,900,"D5","Dublin",5
53.469,-6.947,0.47167778015,2017-04-26,0,2017-04-27,900,"D5","Dublin",5
53.469,-6.947,0.69307136536,2017-04-27,0,2017-04-28,900,"D5","Dublin",5
53.469,-6.947,1.1372680664,2017-04-28,0,2017-04-29,900,"D5","Dublin",5
53.469,-6.947,0.46369171143,2017-04-29,0,2017-04-30,900,"D5","Dublin",5
53.469,-6.947,7.1114501953,2017-04-30,0,2017-05-01,900,"D5","Dublin",5
52.803,-8.46199999999999,0.78734207153,2017-04-01,0,2017-04-02,900,"L1","Limerick",1
52.803,-8.46199999999999,0.14295196533,2017-04-02,0,2017-04-03,900,"L1","Limerick",1
52.803,-8.46199999999999,2.7303733826,2017-04-03,0,2017-04-04,900,"L1","Limerick",1
52.803,-8.46199999999999,0.00092697143555,2017-04-04,0,2017-04-05,900,"L1","Limerick",1
52.803,-8.46199999999999,6.4849853516e-05,2017-04-05,0,2017-04-06,900,"L1","Limerick",1
52.803,-8.46199999999999,0,2017-04-06,0,2017-04-07,900,"L1","Limerick",1
52.803,-8.46199999999999,0.0079460144043,2017-04-07,0,2017-04-08,900,"L1","Limerick",1
52.803,-8.46199999999999,0.10925292969,2017-04-08,0,2017-04-09,900,"L1","Limerick",1
52.803,-8.46199999999999,0.66220664978,2017-04-09,0,2017-04-10,900,"L1","Limerick",1
52.803,-8.46199999999999,0,2017-04-10,0,2017-04-11,900,"L1","Limerick",1
52.803,-8.46199999999999,0.17380523682,2017-04-11,0,2017-04-12,900,"L1","Limerick",1
52.803,-8.46199999999999,0.37791252136,2017-04-12,0,2017-04-13,900,"L1","Limerick",1
52.803,-8.46199999999999,0.74145698547,2017-04-13,0,2017-04-14,900,"L1","Limerick",1
52.803,-8.46199999999999,2.8133621216,2017-04-14,0,2017-04-15,900,"L1","Limerick",1
52.803,-8.46199999999999,0.69091415405,2017-04-15,0,2017-04-16,900,"L1","Limerick",1
52.803,-8.46199999999999,1.5564613342,2017-04-16,0,2017-04-17,900,"L1","Limerick",1
52.803,-8.46199999999999,0.098604202271,2017-04-17,0,2017-04-18,900,"L1","Limerick",1
52.803,-8.46199999999999,0.044009208679,2017-04-18,0,2017-04-19,900,"L1","Limerick",1
52.803,-8.46199999999999,0.014204978943,2017-04-19,0,2017-04-20,900,"L1","Limerick",1
52.803,-8.46199999999999,0.0016384124756,2017-04-20,0,2017-04-21,900,"L1","Limerick",1
52.803,-8.46199999999999,0.30928707123,2017-04-21,0,2017-04-22,900,"L1","Limerick",1
52.803,-8.46199999999999,0.21589565277,2017-04-22,0,2017-04-23,900,"L1","Limerick",1
52.803,-8.46199999999999,1.1058673859,2017-04-23,0,2017-04-24,900,"L1","Limerick",1
52.803,-8.46199999999999,0.069892883301,2017-04-24,0,2017-04-25,900,"L1","Limerick",1
52.803,-8.46199999999999,7.768032074,2017-04-25,0,2017-04-26,900,"L1","Limerick",1
52.803,-8.46199999999999,0.089115142822,2017-04-26,0,2017-04-27,900,"L1","Limerick",1
52.803,-8.46199999999999,1.0405540466,2017-04-27,0,2017-04-28,900,"L1","Limerick",1
52.803,-8.46199999999999,0.92036437988,2017-04-28,0,2017-04-29,900,"L1","Limerick",1
52.803,-8.46199999999999,2.0061416626,2017-04-29,0,2017-04-30,900,"L1","Limerick",1
52.803,-8.46199999999999,0.39057159424,2017-04-30,0,2017-05-01,900,"L1","Limerick",1
52.581,-8.20299999999997,0.31775283813,2017-04-01,0,2017-04-02,900,"L2","Limerick",2
52.581,-8.20299999999997,0.082145690918,2017-04-02,0,2017-04-03,900,"L2","Limerick",2
52.581,-8.20299999999997,1.5429725647,2017-04-03,0,2017-04-04,900,"L2","Limerick",2
52.581,-8.20299999999997,0.00030899047852,2017-04-04,0,2017-04-05,900,"L2","Limerick",2
52.581,-8.20299999999997,0,2017-04-05,0,2017-04-06,900,"L2","Limerick",2
52.581,-8.20299999999997,0,2017-04-06,0,2017-04-07,900,"L2","Limerick",2
52.581,-8.20299999999997,0.0017032623291,2017-04-07,0,2017-04-08,900,"L2","Limerick",2
52.581,-8.20299999999997,0.056493759155,2017-04-08,0,2017-04-09,900,"L2","Limerick",2
52.581,-8.20299999999997,0.049507141113,2017-04-09,0,2017-04-10,900,"L2","Limerick",2
52.581,-8.20299999999997,0,2017-04-10,0,2017-04-11,900,"L2","Limerick",2
52.581,-8.20299999999997,0.10948181152,2017-04-11,0,2017-04-12,900,"L2","Limerick",2
52.581,-8.20299999999997,0.26657485962,2017-04-12,0,2017-04-13,900,"L2","Limerick",2
52.581,-8.20299999999997,1.5454158783,2017-04-13,0,2017-04-14,900,"L2","Limerick",2
52.581,-8.20299999999997,2.1117286682,2017-04-14,0,2017-04-15,900,"L2","Limerick",2
52.581,-8.20299999999997,0.3713684082,2017-04-15,0,2017-04-16,900,"L2","Limerick",2
52.581,-8.20299999999997,0.77258682251,2017-04-16,0,2017-04-17,900,"L2","Limerick",2
52.581,-8.20299999999997,0.071432113647,2017-04-17,0,2017-04-18,900,"L2","Limerick",2
52.581,-8.20299999999997,0.96432209015,2017-04-18,0,2017-04-19,900,"L2","Limerick",2
52.581,-8.20299999999997,0.011003494263,2017-04-19,0,2017-04-20,900,"L2","Limerick",2
52.581,-8.20299999999997,0,2017-04-20,0,2017-04-21,900,"L2","Limerick",2
52.581,-8.20299999999997,0.37831497192,2017-04-21,0,2017-04-22,900,"L2","Limerick",2
52.581,-8.20299999999997,0.22301292419,2017-04-22,0,2017-04-23,900,"L2","Limerick",2
52.581,-8.20299999999997,0.0739402771,2017-04-23,0,2017-04-24,900,"L2","Limerick",2
52.581,-8.20299999999997,0.40222167969,2017-04-24,0,2017-04-25,900,"L2","Limerick",2
52.581,-8.20299999999997,1.8412590027,2017-04-25,0,2017-04-26,900,"L2","Limerick",2
52.581,-8.20299999999997,0.0067520141602,2017-04-26,0,2017-04-27,900,"L2","Limerick",2
52.581,-8.20299999999997,2.1427154541,2017-04-27,0,2017-04-28,900,"L2","Limerick",2
52.581,-8.20299999999997,0.50048065186,2017-04-28,0,2017-04-29,900,"L2","Limerick",2
52.581,-8.20299999999997,3.3245010376,2017-04-29,0,2017-04-30,900,"L2","Limerick",2
52.581,-8.20299999999997,1.0560684204,2017-04-30,0,2017-05-01,900,"L2","Limerick",2
52.745,-8.36799999999999,0.65898895264,2017-04-01,0,2017-04-02,900,"L3","Limerick",3
52.745,-8.36799999999999,0.10761547089,2017-04-02,0,2017-04-03,900,"L3","Limerick",3
52.745,-8.36799999999999,5.1039962769,2017-04-03,0,2017-04-04,900,"L3","Limerick",3
52.745,-8.36799999999999,0.00092697143555,2017-04-04,0,2017-04-05,900,"L3","Limerick",3
52.745,-8.36799999999999,0,2017-04-05,0,2017-04-06,900,"L3","Limerick",3
52.745,-8.36799999999999,0,2017-04-06,0,2017-04-07,900,"L3","Limerick",3
52.745,-8.36799999999999,0.00056838989258,2017-04-07,0,2017-04-08,900,"L3","Limerick",3
52.745,-8.36799999999999,0.068632125854,2017-04-08,0,2017-04-09,900,"L3","Limerick",3
52.745,-8.36799999999999,0.4451675415,2017-04-09,0,2017-04-10,900,"L3","Limerick",3
52.745,-8.36799999999999,0,2017-04-10,0,2017-04-11,900,"L3","Limerick",3
52.745,-8.36799999999999,0.21212768555,2017-04-11,0,2017-04-12,900,"L3","Limerick",3
52.745,-8.36799999999999,0.27239227295,2017-04-12,0,2017-04-13,900,"L3","Limerick",3
52.745,-8.36799999999999,2.0399227142,2017-04-13,0,2017-04-14,900,"L3","Limerick",3
52.745,-8.36799999999999,2.9187850952,2017-04-14,0,2017-04-15,900,"L3","Limerick",3
52.745,-8.36799999999999,0.74273300171,2017-04-15,0,2017-04-16,900,"L3","Limerick",3
52.745,-8.36799999999999,1.2627429962,2017-04-16,0,2017-04-17,900,"L3","Limerick",3
52.745,-8.36799999999999,0.16975784302,2017-04-17,0,2017-04-18,900,"L3","Limerick",3
52.745,-8.36799999999999,0.056325912476,2017-04-18,0,2017-04-19,900,"L3","Limerick",3
52.745,-8.36799999999999,0.021206855774,2017-04-19,0,2017-04-20,900,"L3","Limerick",3
52.745,-8.36799999999999,0.00041007995605,2017-04-20,0,2017-04-21,900,"L3","Limerick",3
52.745,-8.36799999999999,0.18853378296,2017-04-21,0,2017-04-22,900,"L3","Limerick",3
52.745,-8.36799999999999,0.02253818512,2017-04-22,0,2017-04-23,900,"L3","Limerick",3
52.745,-8.36799999999999,0.408618927,2017-04-23,0,2017-04-24,900,"L3","Limerick",3
52.745,-8.36799999999999,0.17542266846,2017-04-24,0,2017-04-25,900,"L3","Limerick",3
52.745,-8.36799999999999,2.5934944153,2017-04-25,0,2017-04-26,900,"L3","Limerick",3
52.745,-8.36799999999999,0.2488899231,2017-04-26,0,2017-04-27,900,"L3","Limerick",3
52.745,-8.36799999999999,1.5204353333,2017-04-27,0,2017-04-28,900,"L3","Limerick",3
52.745,-8.36799999999999,0.22187805176,2017-04-28,0,2017-04-29,900,"L3","Limerick",3
52.745,-8.36799999999999,1.9382019043,2017-04-29,0,2017-04-30,900,"L3","Limerick",3
52.745,-8.36799999999999,0.72737884521,2017-04-30,0,2017-05-01,900,"L3","Limerick",3
52.728,-7.90899999999999,0.40309524536,2017-04-01,0,2017-04-02,900,"L4","Limerick",4
52.728,-7.90899999999999,0.026389122009,2017-04-02,0,2017-04-03,900,"L4","Limerick",4
52.728,-7.90899999999999,5.4825267792,2017-04-03,0,2017-04-04,900,"L4","Limerick",4
52.728,-7.90899999999999,0.0040168762207,2017-04-04,0,2017-04-05,900,"L4","Limerick",4
52.728,-7.90899999999999,0,2017-04-05,0,2017-04-06,900,"L4","Limerick",4
52.728,-7.90899999999999,0.00071883201599,2017-04-06,0,2017-04-07,900,"L4","Limerick",4
52.728,-7.90899999999999,0.005392074585,2017-04-07,0,2017-04-08,900,"L4","Limerick",4
52.728,-7.90899999999999,0.071901321411,2017-04-08,0,2017-04-09,900,"L4","Limerick",4
52.728,-7.90899999999999,0.12713432312,2017-04-09,0,2017-04-10,900,"L4","Limerick",4
52.728,-7.90899999999999,0.00066375732422,2017-04-10,0,2017-04-11,900,"L4","Limerick",4
52.728,-7.90899999999999,0.03010559082,2017-04-11,0,2017-04-12,900,"L4","Limerick",4
52.728,-7.90899999999999,0.25335121155,2017-04-12,0,2017-04-13,900,"L4","Limerick",4
52.728,-7.90899999999999,0.43414306641,2017-04-13,0,2017-04-14,900,"L4","Limerick",4
52.728,-7.90899999999999,2.5986938477,2017-04-14,0,2017-04-15,900,"L4","Limerick",4
52.728,-7.90899999999999,0.088905334473,2017-04-15,0,2017-04-16,900,"L4","Limerick",4
52.728,-7.90899999999999,0.6849822998,2017-04-16,0,2017-04-17,900,"L4","Limerick",4
52.728,-7.90899999999999,0.12325668335,2017-04-17,0,2017-04-18,900,"L4","Limerick",4
52.728,-7.90899999999999,1.6441078186,2017-04-18,0,2017-04-19,900,"L4","Limerick",4
52.728,-7.90899999999999,0.024208068848,2017-04-19,0,2017-04-20,900,"L4","Limerick",4
52.728,-7.90899999999999,0.0028667449951,2017-04-20,0,2017-04-21,900,"L4","Limerick",4
52.728,-7.90899999999999,0.1236076355,2017-04-21,0,2017-04-22,900,"L4","Limerick",4
52.728,-7.90899999999999,0.16963195801,2017-04-22,0,2017-04-23,900,"L4","Limerick",4
52.728,-7.90899999999999,3.7343292236,2017-04-23,0,2017-04-24,900,"L4","Limerick",4
52.728,-7.90899999999999,0.15181732178,2017-04-24,0,2017-04-25,900,"L4","Limerick",4
52.728,-7.90899999999999,1.179145813,2017-04-25,0,2017-04-26,900,"L4","Limerick",4
52.728,-7.90899999999999,0.098566055298,2017-04-26,0,2017-04-27,900,"L4","Limerick",4
52.728,-7.90899999999999,0.65065002441,2017-04-27,0,2017-04-28,900,"L4","Limerick",4
52.728,-7.90899999999999,1.316368103,2017-04-28,0,2017-04-29,900,"L4","Limerick",4
52.728,-7.90899999999999,2.7809448242,2017-04-29,0,2017-04-30,900,"L4","Limerick",4
52.728,-7.90899999999999,4.8207702637,2017-04-30,0,2017-05-01,900,"L4","Limerick",4
52.828,-8.24200000000002,1.0002212524,2017-04-01,0,2017-04-02,900,"L5","Limerick",5
52.828,-8.24200000000002,0.020192146301,2017-04-02,0,2017-04-03,900,"L5","Limerick",5
52.828,-8.24200000000002,2.9935207367,2017-04-03,0,2017-04-04,900,"L5","Limerick",5
52.828,-8.24200000000002,0.00061798095703,2017-04-04,0,2017-04-05,900,"L5","Limerick",5
52.828,-8.24200000000002,0.00013017654419,2017-04-05,0,2017-04-06,900,"L5","Limerick",5
52.828,-8.24200000000002,0,2017-04-06,0,2017-04-07,900,"L5","Limerick",5
52.828,-8.24200000000002,0,2017-04-07,0,2017-04-08,900,"L5","Limerick",5
52.828,-8.24200000000002,0.02707862854,2017-04-08,0,2017-04-09,900,"L5","Limerick",5
52.828,-8.24200000000002,0.092281341553,2017-04-09,0,2017-04-10,900,"L5","Limerick",5
52.828,-8.24200000000002,0.020599365234,2017-04-10,0,2017-04-11,900,"L5","Limerick",5
52.828,-8.24200000000002,0.047897338867,2017-04-11,0,2017-04-12,900,"L5","Limerick",5
52.828,-8.24200000000002,0.29513549805,2017-04-12,0,2017-04-13,900,"L5","Limerick",5
52.828,-8.24200000000002,0.41737556458,2017-04-13,0,2017-04-14,900,"L5","Limerick",5
52.828,-8.24200000000002,2.268497467,2017-04-14,0,2017-04-15,900,"L5","Limerick",5
52.828,-8.24200000000002,0.3373298645,2017-04-15,0,2017-04-16,900,"L5","Limerick",5
52.828,-8.24200000000002,1.4159164429,2017-04-16,0,2017-04-17,900,"L5","Limerick",5
52.828,-8.24200000000002,0.14454650879,2017-04-17,0,2017-04-18,900,"L5","Limerick",5
52.828,-8.24200000000002,0.090231895447,2017-04-18,0,2017-04-19,900,"L5","Limerick",5
52.828,-8.24200000000002,0.049216270447,2017-04-19,0,2017-04-20,900,"L5","Limerick",5
52.828,-8.24200000000002,0,2017-04-20,0,2017-04-21,900,"L5","Limerick",5
52.828,-8.24200000000002,0.37920761108,2017-04-21,0,2017-04-22,900,"L5","Limerick",5
52.828,-8.24200000000002,0.34163665771,2017-04-22,0,2017-04-23,900,"L5","Limerick",5
52.828,-8.24200000000002,0.19231033325,2017-04-23,0,2017-04-24,900,"L5","Limerick",5
52.828,-8.24200000000002,1.0747528076,2017-04-24,0,2017-04-25,900,"L5","Limerick",5
52.828,-8.24200000000002,4.0664176941,2017-04-25,0,2017-04-26,900,"L5","Limerick",5
52.828,-8.24200000000002,0.083263397217,2017-04-26,0,2017-04-27,900,"L5","Limerick",5
52.828,-8.24200000000002,1.3104877472,2017-04-27,0,2017-04-28,900,"L5","Limerick",5
52.828,-8.24200000000002,0.14825439453,2017-04-28,0,2017-04-29,900,"L5","Limerick",5
52.828,-8.24200000000002,1.8023071289,2017-04-29,0,2017-04-30,900,"L5","Limerick",5
52.828,-8.24200000000002,1.7580795288,2017-04-30,0,2017-05-01,900,"L5","Limerick",5
51.749,-8.46899999999999,0.49932861328,2017-04-01,0,2017-04-02,900,"C1","Cork",1
51.749,-8.46899999999999,0.039695739746,2017-04-02,0,2017-04-03,900,"C1","Cork",1
51.749,-8.46899999999999,4.822599411,2017-04-03,0,2017-04-04,900,"C1","Cork",1
51.749,-8.46899999999999,0,2017-04-04,0,2017-04-05,900,"C1","Cork",1
51.749,-8.46899999999999,0,2017-04-05,0,2017-04-06,900,"C1","Cork",1
51.749,-8.46899999999999,0,2017-04-06,0,2017-04-07,900,"C1","Cork",1
51.749,-8.46899999999999,0.012203216553,2017-04-07,0,2017-04-08,900,"C1","Cork",1
51.749,-8.46899999999999,0.27686500549,2017-04-08,0,2017-04-09,900,"C1","Cork",1
51.749,-8.46899999999999,0.17267990112,2017-04-09,0,2017-04-10,900,"C1","Cork",1
51.749,-8.46899999999999,0,2017-04-10,0,2017-04-11,900,"C1","Cork",1
51.749,-8.46899999999999,0.0054779052734,2017-04-11,0,2017-04-12,900,"C1","Cork",1
51.749,-8.46899999999999,0.088857650757,2017-04-12,0,2017-04-13,900,"C1","Cork",1
51.749,-8.46899999999999,0.69511604309,2017-04-13,0,2017-04-14,900,"C1","Cork",1
51.749,-8.46899999999999,2.2745056152,2017-04-14,0,2017-04-15,900,"C1","Cork",1
51.749,-8.46899999999999,0.22911834717,2017-04-15,0,2017-04-16,900,"C1","Cork",1
51.749,-8.46899999999999,0.24830245972,2017-04-16,0,2017-04-17,900,"C1","Cork",1
51.749,-8.46899999999999,0.0030822753906,2017-04-17,0,2017-04-18,900,"C1","Cork",1
51.749,-8.46899999999999,0.020482063293,2017-04-18,0,2017-04-19,900,"C1","Cork",1
51.749,-8.46899999999999,0.045015335083,2017-04-19,0,2017-04-20,900,"C1","Cork",1
51.749,-8.46899999999999,0.015560150146,2017-04-20,0,2017-04-21,900,"C1","Cork",1
51.749,-8.46899999999999,0.0019617080688,2017-04-21,0,2017-04-22,900,"C1","Cork",1
51.749,-8.46899999999999,0.64294147491,2017-04-22,0,2017-04-23,900,"C1","Cork",1
51.749,-8.46899999999999,0.48612785339,2017-04-23,0,2017-04-24,900,"C1","Cork",1
51.749,-8.46899999999999,0.87757492065,2017-04-24,0,2017-04-25,900,"C1","Cork",1
51.749,-8.46899999999999,0.55163192749,2017-04-25,0,2017-04-26,900,"C1","Cork",1
51.749,-8.46899999999999,0.090015411377,2017-04-26,0,2017-04-27,900,"C1","Cork",1
51.749,-8.46899999999999,0.18049621582,2017-04-27,0,2017-04-28,900,"C1","Cork",1
51.749,-8.46899999999999,1.7889862061,2017-04-28,0,2017-04-29,900,"C1","Cork",1
51.749,-8.46899999999999,2.8226623535,2017-04-29,0,2017-04-30,900,"C1","Cork",1
51.749,-8.46899999999999,1.3218536377,2017-04-30,0,2017-05-01,900,"C1","Cork",1
51.732,-8.61200000000002,0.94308853149,2017-04-01,0,2017-04-02,900,"C2","Cork",2
51.732,-8.61200000000002,0.21110057831,2017-04-02,0,2017-04-03,900,"C2","Cork",2
51.732,-8.61200000000002,5.0545444489,2017-04-03,0,2017-04-04,900,"C2","Cork",2
51.732,-8.61200000000002,0,2017-04-04,0,2017-04-05,900,"C2","Cork",2
51.732,-8.61200000000002,0,2017-04-05,0,2017-04-06,900,"C2","Cork",2
51.732,-8.61200000000002,0.00010275840759,2017-04-06,0,2017-04-07,900,"C2","Cork",2
51.732,-8.61200000000002,0.0051078796387,2017-04-07,0,2017-04-08,900,"C2","Cork",2
51.732,-8.61200000000002,0.25305366516,2017-04-08,0,2017-04-09,900,"C2","Cork",2
51.732,-8.61200000000002,0.26535797119,2017-04-09,0,2017-04-10,900,"C2","Cork",2
51.732,-8.61200000000002,0,2017-04-10,0,2017-04-11,900,"C2","Cork",2
51.732,-8.61200000000002,0.0041046142578,2017-04-11,0,2017-04-12,900,"C2","Cork",2
51.732,-8.61200000000002,0.091503143311,2017-04-12,0,2017-04-13,900,"C2","Cork",2
51.732,-8.61200000000002,0.9063949585,2017-04-13,0,2017-04-14,900,"C2","Cork",2
51.732,-8.61200000000002,1.7479400635,2017-04-14,0,2017-04-15,900,"C2","Cork",2
51.732,-8.61200000000002,0.19660568237,2017-04-15,0,2017-04-16,900,"C2","Cork",2
51.732,-8.61200000000002,0.12710762024,2017-04-16,0,2017-04-17,900,"C2","Cork",2
51.732,-8.61200000000002,0.022970199585,2017-04-17,0,2017-04-18,900,"C2","Cork",2
51.732,-8.61200000000002,0.021312713623,2017-04-18,0,2017-04-19,900,"C2","Cork",2
51.732,-8.61200000000002,0.10123348236,2017-04-19,0,2017-04-20,900,"C2","Cork",2
51.732,-8.61200000000002,0.020063400269,2017-04-20,0,2017-04-21,900,"C2","Cork",2
51.732,-8.61200000000002,0.016944885254,2017-04-21,0,2017-04-22,900,"C2","Cork",2
51.732,-8.61200000000002,0.43748474121,2017-04-22,0,2017-04-23,900,"C2","Cork",2
51.732,-8.61200000000002,1.7872238159,2017-04-23,0,2017-04-24,900,"C2","Cork",2
51.732,-8.61200000000002,2.3938941956,2017-04-24,0,2017-04-25,900,"C2","Cork",2
51.732,-8.61200000000002,0.88249588013,2017-04-25,0,2017-04-26,900,"C2","Cork",2
51.732,-8.61200000000002,0.12737083435,2017-04-26,0,2017-04-27,900,"C2","Cork",2
51.732,-8.61200000000002,0.022155761719,2017-04-27,0,2017-04-28,900,"C2","Cork",2
51.732,-8.61200000000002,3.0715179443,2017-04-28,0,2017-04-29,900,"C2","Cork",2
51.732,-8.61200000000002,2.9418640137,2017-04-29,0,2017-04-30,900,"C2","Cork",2
51.732,-8.61200000000002,0.89070892334,2017-04-30,0,2017-05-01,900,"C2","Cork",2
51.918,-8.96699999999998,0.73568725586,2017-04-01,0,2017-04-02,900,"C3","Cork",3
51.918,-8.96699999999998,0.82099723816,2017-04-02,0,2017-04-03,900,"C3","Cork",3
51.918,-8.96699999999998,4.5909461975,2017-04-03,0,2017-04-04,900,"C3","Cork",3
51.918,-8.96699999999998,0,2017-04-04,0,2017-04-05,900,"C3","Cork",3
51.918,-8.96699999999998,0,2017-04-05,0,2017-04-06,900,"C3","Cork",3
51.918,-8.96699999999998,0.0013346672058,2017-04-06,0,2017-04-07,900,"C3","Cork",3
51.918,-8.96699999999998,0.042284011841,2017-04-07,0,2017-04-08,900,"C3","Cork",3
51.918,-8.96699999999998,0.24418258667,2017-04-08,0,2017-04-09,900,"C3","Cork",3
51.918,-8.96699999999998,0.24436759949,2017-04-09,0,2017-04-10,900,"C3","Cork",3
51.918,-8.96699999999998,0,2017-04-10,0,2017-04-11,900,"C3","Cork",3
51.918,-8.96699999999998,0.013687133789,2017-04-11,0,2017-04-12,900,"C3","Cork",3
51.918,-8.96699999999998,0.041784286499,2017-04-12,0,2017-04-13,900,"C3","Cork",3
51.918,-8.96699999999998,0.7402381897,2017-04-13,0,2017-04-14,900,"C3","Cork",3
51.918,-8.96699999999998,1.5198879242,2017-04-14,0,2017-04-15,900,"C3","Cork",3
51.918,-8.96699999999998,0.20320892334,2017-04-15,0,2017-04-16,900,"C3","Cork",3
51.918,-8.96699999999998,0.1021156311,2017-04-16,0,2017-04-17,900,"C3","Cork",3
51.918,-8.96699999999998,0.021850585938,2017-04-17,0,2017-04-18,900,"C3","Cork",3
51.918,-8.96699999999998,0.75064277649,2017-04-18,0,2017-04-19,900,"C3","Cork",3
51.918,-8.96699999999998,0.27569198608,2017-04-19,0,2017-04-20,900,"C3","Cork",3
51.918,-8.96699999999998,0.045040130615,2017-04-20,0,2017-04-21,900,"C3","Cork",3
51.918,-8.96699999999998,0.002140045166,2017-04-21,0,2017-04-22,900,"C3","Cork",3
51.918,-8.96699999999998,2.1228933334,2017-04-22,0,2017-04-23,900,"C3","Cork",3
51.918,-8.96699999999998,0.33078765869,2017-04-23,0,2017-04-24,900,"C3","Cork",3
51.918,-8.96699999999998,0.98495864868,2017-04-24,0,2017-04-25,900,"C3","Cork",3
51.918,-8.96699999999998,3.1662788391,2017-04-25,0,2017-04-26,900,"C3","Cork",3
51.918,-8.96699999999998,0.032855987549,2017-04-26,0,2017-04-27,900,"C3","Cork",3
51.918,-8.96699999999998,0.001350402832,2017-04-27,0,2017-04-28,900,"C3","Cork",3
51.918,-8.96699999999998,1.9392242432,2017-04-28,0,2017-04-29,900,"C3","Cork",3
51.918,-8.96699999999998,6.6025085449,2017-04-29,0,2017-04-30,900,"C3","Cork",3
51.918,-8.96699999999998,2.3748779297,2017-04-30,0,2017-05-01,900,"C3","Cork",3
52.041,-9.08199999999999,2.0669670105,2017-04-01,0,2017-04-02,900,"C4","Cork",4
52.041,-9.08199999999999,1.5346088409,2017-04-02,0,2017-04-03,900,"C4","Cork",4
52.041,-9.08199999999999,7.6442184448,2017-04-03,0,2017-04-04,900,"C4","Cork",4
52.041,-9.08199999999999,0,2017-04-04,0,2017-04-05,900,"C4","Cork",4
52.041,-9.08199999999999,0,2017-04-05,0,2017-04-06,900,"C4","Cork",4
52.041,-9.08199999999999,0.0018994808197,2017-04-06,0,2017-04-07,900,"C4","Cork",4
52.041,-9.08199999999999,0.0082302093506,2017-04-07,0,2017-04-08,900,"C4","Cork",4
52.041,-9.08199999999999,0.057426452637,2017-04-08,0,2017-04-09,900,"C4","Cork",4
52.041,-9.08199999999999,0.093469619751,2017-04-09,0,2017-04-10,900,"C4","Cork",4
52.041,-9.08199999999999,0.0026588439941,2017-04-10,0,2017-04-11,900,"C4","Cork",4
52.041,-9.08199999999999,0.061584472656,2017-04-11,0,2017-04-12,900,"C4","Cork",4
52.041,-9.08199999999999,0.11239433289,2017-04-12,0,2017-04-13,900,"C4","Cork",4
52.041,-9.08199999999999,1.1728572845,2017-04-13,0,2017-04-14,900,"C4","Cork",4
52.041,-9.08199999999999,2.4353713989,2017-04-14,0,2017-04-15,900,"C4","Cork",4
52.041,-9.08199999999999,0.19203567505,2017-04-15,0,2017-04-16,900,"C4","Cork",4
52.041,-9.08199999999999,0.30124092102,2017-04-16,0,2017-04-17,900,"C4","Cork",4
52.041,-9.08199999999999,0.064430236816,2017-04-17,0,2017-04-18,900,"C4","Cork",4
52.041,-9.08199999999999,0.74815177917,2017-04-18,0,2017-04-19,900,"C4","Cork",4
52.041,-9.08199999999999,0.069223403931,2017-04-19,0,2017-04-20,900,"C4","Cork",4
52.041,-9.08199999999999,0.081071853638,2017-04-20,0,2017-04-21,900,"C4","Cork",4
52.041,-9.08199999999999,0.041380882263,2017-04-21,0,2017-04-22,900,"C4","Cork",4
52.041,-9.08199999999999,1.5162506104,2017-04-22,0,2017-04-23,900,"C4","Cork",4
52.041,-9.08199999999999,0.067779541016,2017-04-23,0,2017-04-24,900,"C4","Cork",4
52.041,-9.08199999999999,1.9879684448,2017-04-24,0,2017-04-25,900,"C4","Cork",4
52.041,-9.08199999999999,3.6667404175,2017-04-25,0,2017-04-26,900,"C4","Cork",4
52.041,-9.08199999999999,1.3403186798,2017-04-26,0,2017-04-27,900,"C4","Cork",4
52.041,-9.08199999999999,0.024318695068,2017-04-27,0,2017-04-28,900,"C4","Cork",4
52.041,-9.08199999999999,1.0417480469,2017-04-28,0,2017-04-29,900,"C4","Cork",4
52.041,-9.08199999999999,7.0626220703,2017-04-29,0,2017-04-30,900,"C4","Cork",4
52.041,-9.08199999999999,2.4316864014,2017-04-30,0,2017-05-01,900,"C4","Cork",4
52.116,-9.03100000000001,1.7484283447,2017-04-01,0,2017-04-02,900,"C5","Cork",5
52.116,-9.03100000000001,2.6465578079,2017-04-02,0,2017-04-03,900,"C5","Cork",5
52.116,-9.03100000000001,3.4824314117,2017-04-03,0,2017-04-04,900,"C5","Cork",5
52.116,-9.03100000000001,0,2017-04-04,0,2017-04-05,900,"C5","Cork",5
52.116,-9.03100000000001,0,2017-04-05,0,2017-04-06,900,"C5","Cork",5
52.116,-9.03100000000001,0.0003080368042,2017-04-06,0,2017-04-07,900,"C5","Cork",5
52.116,-9.03100000000001,0.0051078796387,2017-04-07,0,2017-04-08,900,"C5","Cork",5
52.116,-9.03100000000001,0.041553497314,2017-04-08,0,2017-04-09,900,"C5","Cork",5
52.116,-9.03100000000001,0.073667526245,2017-04-09,0,2017-04-10,900,"C5","Cork",5
52.116,-9.03100000000001,0,2017-04-10,0,2017-04-11,900,"C5","Cork",5
52.116,-9.03100000000001,0.064323425293,2017-04-11,0,2017-04-12,900,"C5","Cork",5
52.116,-9.03100000000001,0.14783287048,2017-04-12,0,2017-04-13,900,"C5","Cork",5
52.116,-9.03100000000001,1.5368785858,2017-04-13,0,2017-04-14,900,"C5","Cork",5
52.116,-9.03100000000001,2.7478141785,2017-04-14,0,2017-04-15,900,"C5","Cork",5
52.116,-9.03100000000001,0.23318481445,2017-04-15,0,2017-04-16,900,"C5","Cork",5
52.116,-9.03100000000001,0.4353351593,2017-04-16,0,2017-04-17,900,"C5","Cork",5
52.116,-9.03100000000001,0.034456253052,2017-04-17,0,2017-04-18,900,"C5","Cork",5
52.116,-9.03100000000001,1.003071785,2017-04-18,0,2017-04-19,900,"C5","Cork",5
52.116,-9.03100000000001,0.033611297607,2017-04-19,0,2017-04-20,900,"C5","Cork",5
52.116,-9.03100000000001,0.0081882476807,2017-04-20,0,2017-04-21,900,"C5","Cork",5
52.116,-9.03100000000001,0.11558151245,2017-04-21,0,2017-04-22,900,"C5","Cork",5
52.116,-9.03100000000001,1.1290626526,2017-04-22,0,2017-04-23,900,"C5","Cork",5
52.116,-9.03100000000001,0.21112060547,2017-04-23,0,2017-04-24,900,"C5","Cork",5
52.116,-9.03100000000001,1.7028503418,2017-04-24,0,2017-04-25,900,"C5","Cork",5
52.116,-9.03100000000001,3.8417053223,2017-04-25,0,2017-04-26,900,"C5","Cork",5
52.116,-9.03100000000001,1.0788269043,2017-04-26,0,2017-04-27,900,"C5","Cork",5
52.116,-9.03100000000001,0.0067558288574,2017-04-27,0,2017-04-28,900,"C5","Cork",5
52.116,-9.03100000000001,0.7989730835,2017-04-28,0,2017-04-29,900,"C5","Cork",5
52.116,-9.03100000000001,4.9050979614,2017-04-29,0,2017-04-30,900,"C5","Cork",5
52.116,-9.03100000000001,1.8524246216,2017-04-30,0,2017-05-01,900,"C5","Cork",5
