loc,site,treat,rep,day ,lat,long,utm_north,utm_east,moisture,soil_ph,soil_om,ent,pod,sym,neel,orb_a,orb_j,meso_a,meso_j,prostig,astig,ot_mites,c_lav,dip_lar,hymen,pot,prot,symph,arach,chil,coleop,gast,wood,hemip,cater,dip,thy,earth
bo,1,c,1,0,54.39917,-6.609722,6030567.28,655164.39,57.74,5.29,15.91,4,6,5,0,2,0,3,1,2,0,6,1,0,0,3,0,0,0,0,0,0,0,0,0,0,0,1
bo,1,c,2,0,54.39917,-6.609722,6030568.78,655166.39,54.93,5.34,15.16,1,0,1,0,3,1,3,0,0,1,12,0,0,0,3,0,0,1,0,0,0,0,0,0,0,3,1
bo,1,c,3,0,54.39917,-6.609722,6030570.28,655166.39,47.5,5.69,14.09,10,0,1,0,0,0,2,1,4,0,53,1,0,1,10,0,0,0,0,0,0,0,0,0,0,9,0
bo,1,c,4,0,54.39917,-6.609722,6030571.78,655164.39,NA,5.43,14.6,4,1,2,0,1,0,1,6,5,1,4,0,1,3,5,0,0,0,0,0,0,0,0,0,0,1,2
bo,2,c,1,0,54.23111,-6.794444,6011481.1,643760,NA,5.73,21.51,0,1,0,0,0,0,0,0,0,0,0,0,0,0,0,0,0,0,0,0,0,0,0,0,0,0,0
bo,2,c,2,0,54.23111,-6.794444,6011482.6,643762,NA,5.92,22.82,0,1,2,0,0,0,0,0,0,0,0,0,0,0,0,0,0,0,0,0,0,0,0,0,0,1,0
bo,2,c,3,0,54.23111,-6.794444,6011484.1,643762,NA,5.95,19.16,0,0,0,0,0,0,0,0,0,0,2,0,0,0,0,0,0,0,0,0,0,0,0,0,0,0,0
bo,2,c,4,0,54.23111,-6.794444,6011485.6,643760,NA,5.77,27.09,0,3,2,0,0,0,0,0,0,1,1,0,0,0,0,0,0,0,0,0,0,0,0,0,0,0,0
bo,3,c,1,0,54.26472,-6.491666,6015878.55,663358.67,30.18,5.83,13.52,11,3,8,0,6,0,5,3,4,0,6,2,0,0,5,0,0,0,0,1,0,0,1,0,0,0,0
bo,3,c,2,0,54.26472,-6.491666,6015880.05,663360.67,44.1,5.88,14.2,12,4,2,0,0,0,2,6,2,0,1,0,0,1,6,0,0,0,0,0,0,0,1,0,0,0,2
bo,3,c,3,0,54.26472,-6.491666,6015881.55,663360.67,43.44,5.99,13.57,67,12,5,0,1,1,13,7,4,0,6,1,0,2,3,0,0,0,0,1,0,0,10,0,0,2,1
bo,3,c,4,0,54.26472,-6.491666,6015883.05,663358.67,NA,5.91,14.82,29,9,1,0,0,1,6,12,6,0,5,1,33,0,2,0,0,0,0,1,0,0,14,0,0,0,2
bo,4,c,1,0,54.19444,-6.488611,6008068.31,663835.78,NA,6.05,32.22,0,0,0,0,8,0,0,0,0,0,0,0,0,0,0,0,0,0,0,0,0,0,0,0,0,0,0
bo,4,c,2,0,54.19444,-6.488611,6008069.81,663837.78,NA,6.01,31.61,27,1,0,0,0,0,0,5,1,1,0,0,2,6,0,0,0,0,0,0,0,0,0,0,0,1,0
bo,4,c,3,0,54.19444,-6.488611,6008071.31,663837.78,NA,6.1,33.33,18,0,0,0,1,1,5,8,0,1,8,1,2,2,0,0,0,0,0,0,0,0,0,0,0,1,0
bo,4,c,4,0,54.19444,-6.488611,6008072.81,663835.78,NA,6.14,26.6,17,2,0,0,2,0,6,5,0,0,12,0,1,1,1,0,0,1,0,0,0,0,2,0,0,0,2
bo,5,c,1,0,54.15833,-7.004722,6002977.03,630284.5,42.11,5.48,17.2,43,2,12,0,1,1,4,9,1,0,11,1,1,2,1,0,0,0,0,0,0,0,0,0,0,1,0
bo,5,c,2,0,54.15833,-7.004722,6002978.53,630286.5,52.7,5.57,19.29,12,3,20,0,1,5,4,2,1,2,5,0,1,0,0,0,0,0,0,0,0,0,0,0,0,2,1
bo,5,c,3,0,54.15833,-7.004722,6002980.03,630286.5,52.43,5.7,13.35,39,3,22,0,0,2,5,15,3,0,7,0,1,0,1,0,0,0,0,0,0,0,0,0,0,2,1
bo,5,c,4,0,54.15833,-7.004722,6002981.53,630284.5,NA,5.82,17.03,60,9,20,0,1,0,2,16,3,0,13,1,0,3,0,0,0,0,0,0,0,0,1,0,0,4,0
co,1,c,1,0,51.76111,-8.460833,5734606.25,537210.68,35.18,5.95,9.16,8,1,21,0,1,1,11,37,59,29,17,0,2,0,1,0,0,1,0,0,0,0,323,0,0,0,0
co,1,c,2,0,51.76111,-8.460833,5734607.75,537212.68,47.73,5.93,7.69,0,0,1,0,0,0,1,0,0,2,1,0,0,0,0,0,0,0,0,0,0,0,0,0,0,0,0
co,1,c,3,0,51.76111,-8.460833,5734609.25,537212.68,43.44,5.86,8.53,2,0,14,0,0,0,2,79,20,84,5,2,0,0,2,0,0,0,0,0,0,0,4,0,0,0,0
co,1,c,4,0,51.76111,-8.460833,5734610.75,537210.68,NA,5.95,16.93,1,0,11,0,1,0,8,29,14,60,0,1,0,0,4,0,0,0,0,0,0,0,11,0,0,0,0
co,2,c,1,0,51.73639,-8.624722,5731786.05,525914.05,NA,5.41,7.33,6,28,10,0,1,0,15,26,2,5,4,0,0,1,2,0,0,0,0,1,0,0,8,0,0,0,0
co,2,c,2,0,51.73639,-8.624722,5731787.55,525916.05,28.93,5.58,6.59,0,0,0,0,0,0,0,0,0,0,0,0,0,0,0,0,0,0,0,0,0,0,0,0,0,0,0
co,2,c,3,0,51.73639,-8.624722,5731789.05,525916.05,22.94,5.6,10,0,0,0,0,0,0,0,0,0,0,0,0,0,0,0,0,0,0,0,0,0,0,0,0,0,0,0
co,2,c,4,0,51.73639,-8.624722,5731790.55,525914.05,NA,5.68,12.15,70,12,146,0,0,0,11,79,7,5,11,1,0,0,0,0,1,0,0,0,0,0,0,0,0,0,0
co,3,c,1,0,51.91818,-8.955555,5751938.96,503056.73,23.6,5.14,5.96,1,0,0,0,1,1,6,5,0,1,0,0,0,0,0,0,0,0,0,0,0,0,0,0,0,0,0
co,3,c,2,0,51.91818,-8.955555,5751940.46,503058.73,NA,5.28,5.34,19,14,2,0,16,13,16,10,6,5,11,0,0,1,6,0,0,0,0,0,0,0,0,0,0,0,0
co,3,c,3,0,51.91818,-8.955555,5751941.96,503058.73,NA,5.24,4.92,25,12,1,0,44,32,6,5,6,9,3,0,0,0,1,0,0,0,0,0,0,0,0,0,0,0,0
co,3,c,4,0,51.91818,-8.955555,5751943.46,503056.73,NA,5.41,9.13,65,14,3,0,32,22,8,5,3,263,62,0,0,1,9,0,0,0,0,3,0,0,0,0,0,0,0
co,4,c,1,0,52.03065,-9.079933,5764450.22,494516.3,44.6,5.4,14.97,15,10,27,0,0,0,8,33,14,0,0,1,0,1,2,0,0,1,0,0,0,0,1,0,0,0,1
co,4,c,2,0,52.03065,-9.079933,5764451.72,494518.3,47.92,5.49,11.53,12,26,16,0,0,1,3,14,15,0,7,3,1,0,2,0,0,0,0,0,0,0,0,0,0,0,0
co,4,c,3,0,52.03065,-9.079933,5764453.22,494518.3,44.58,5.37,11.86,16,4,5,0,0,1,2,10,2,0,2,0,1,0,0,0,0,0,0,1,0,0,21,0,0,0,1
co,4,c,4,0,52.03065,-9.079933,5764454.72,494516.3,NA,5.78,15.05,11,18,3,0,1,0,3,8,30,20,44,0,0,1,2,0,0,0,0,0,0,0,0,0,0,0,0
co,5,c,1,0,52.12233,-9.050161,5774645.43,496565.81,42.4,5.48,14.54,115,7,11,0,2,0,2,16,2,2,4,1,1,0,2,0,0,0,0,0,0,0,0,0,0,0,1
co,5,c,2,0,52.12233,-9.050161,5774646.93,496567.81,44.34,5.33,9.47,20,11,2,0,0,0,1,13,6,0,3,2,0,0,1,0,0,0,0,1,0,0,0,0,0,0,1
co,5,c,3,0,52.12233,-9.050161,5774648.43,496567.81,44.45,5.44,10.47,35,14,5,0,0,0,1,0,3,4,1,6,2,0,0,0,0,0,0,1,0,0,0,0,0,0,0
co,5,c,4,0,52.12233,-9.050161,5774649.93,496565.81,NA,5.55,9.8,69,7,24,0,1,0,7,34,7,5,31,2,0,1,4,0,0,0,0,2,0,0,0,0,0,3,0
du,1,c,1,0,53.595,-6.405555,5941592.26,671693.79,27.17,5.81,6.96,34,4,11,0,0,1,1,8,3,15,4,0,1,0,0,0,0,0,1,0,0,0,0,0,0,1,0
du,1,c,2,0,53.595,-6.405555,5941593.76,671695.79,31.95,5.83,9.18,52,1,16,0,0,1,6,23,5,13,0,0,0,0,6,0,0,1,0,0,0,0,0,0,0,0,0
du,1,c,3,0,53.595,-6.405555,5941595.26,671695.79,28.08,7.88,4.16,107,1,29,0,3,12,7,23,20,7,0,1,0,1,6,0,0,0,0,0,0,0,0,0,0,0,1
du,1,c,4,0,53.595,-6.405555,5941596.76,671693.79,NA,7.28,4.2,166,10,106,0,21,20,0,0,2,0,1,0,0,2,1,0,0,0,0,1,0,0,1,0,0,1,0
du,2,c,1,0,53.56806,-6.416666,5938569.26,671067.43,29.37,6.15,9.72,3,2,8,0,0,0,12,7,4,3,4,0,0,0,0,0,0,0,0,0,0,0,0,0,0,1,1
du,2,c,2,0,53.56806,-6.416666,5938570.76,671069.43,28.31,6.06,9.54,122,4,37,0,3,1,13,11,7,1,4,3,0,0,1,0,0,0,0,0,0,0,1,0,0,1,0
du,2,c,3,0,53.56806,-6.416666,5938572.26,671069.43,26.71,6.07,8.51,8,7,26,0,2,0,2,15,12,2,1,0,0,3,6,0,0,0,0,0,0,0,10,0,0,7,0
du,2,c,4,0,53.56806,-6.416666,5938573.76,671067.43,NA,5.91,12.28,25,16,34,0,1,0,7,13,16,4,5,1,1,0,0,0,0,0,0,0,0,0,12,0,0,6,1
du,3,c,1,0,53.63639,-6.711666,5945500.92,651291.43,55.08,5.47,15.54,11,1,29,0,1,0,2,14,5,5,4,2,1,1,1,0,0,0,0,1,0,0,2,0,0,2,4
du,3,c,2,0,53.63639,-6.711666,5945502.42,651293.43,54.64,5.62,13.77,8,0,25,0,3,0,3,11,5,2,2,0,0,3,3,0,0,1,0,0,0,0,0,0,0,2,0
du,3,c,3,0,53.63639,-6.711666,5945503.92,651293.43,42.43,5.83,10.14,25,0,27,0,0,0,3,9,9,1,5,3,0,2,2,0,0,1,0,0,0,0,1,0,0,9,3
du,3,c,4,0,53.63639,-6.711666,5945505.42,651291.43,NA,5.76,12.57,38,2,30,0,1,0,5,28,10,6,1,0,1,4,1,0,0,0,0,0,0,0,0,0,0,2,0
du,4,c,1,0,53.59639,-6.726388,5941020.61,650460.46,47.97,5.97,13.15,41,0,18,0,1,1,9,9,5,4,3,1,0,5,1,0,0,0,1,0,0,0,0,0,0,1,0
du,4,c,2,0,53.59639,-6.726388,5941022.11,650462.46,42.26,5.76,12,29,3,9,0,0,0,6,13,10,5,6,1,0,2,0,0,0,1,0,1,0,0,0,0,0,0,0
du,4,c,3,0,53.59639,-6.726388,5941023.61,650462.46,33.31,5.88,13.55,75,2,18,0,1,3,12,20,37,2,16,0,0,2,0,0,0,0,0,0,1,0,0,0,0,0,1
du,4,c,4,0,53.59639,-6.726388,5941025.11,650460.46,NA,6.06,12.13,118,1,35,0,1,2,6,1,10,21,12,2,0,0,1,0,0,0,0,0,0,0,3,0,0,4,1
du,5,c,1,0,53.4675,-6.936666,5926260.06,636962.16,63.54,6.28,39.52,47,0,1,0,0,0,2,11,8,1,4,0,3,4,3,0,0,0,0,0,0,0,2,0,0,0,1
du,5,c,2,0,53.4675,-6.936666,5926261.56,636964.16,70.65,6.25,42.71,5,4,1,0,1,1,3,8,4,1,4,0,1,3,2,0,1,0,0,0,0,0,9,0,0,0,0
du,5,c,3,0,53.4675,-6.936666,5926263.06,636964.16,63.38,6.25,26.04,4,1,4,0,1,0,0,3,2,2,4,1,0,0,2,0,0,0,0,0,0,0,1,0,0,0,0
du,5,c,4,0,53.4675,-6.936666,5926264.56,636962.16,NA,6.69,28.8,7,11,9,0,2,3,4,10,4,1,28,0,4,5,5,0,0,0,0,0,0,0,3,0,0,0,1
li,1,c,1,0,52.8021,-8.461277,5850392.16,536318.85,47.75,5.73,14.23,84,6,25,0,1,4,1,31,2,1,5,1,0,2,0,0,0,0,0,0,0,0,7,0,0,0,6
li,1,c,2,0,52.8021,-8.461277,5850393.66,536320.85,52.68,5.89,16.01,78,68,58,0,6,10,14,49,3,10,11,2,0,2,1,0,0,0,0,1,0,0,1,0,0,0,3
li,1,c,3,0,52.8021,-8.461277,5850395.16,536320.85,49.73,6.05,13.17,1,0,0,0,1,0,5,2,0,0,0,0,0,0,0,0,0,0,0,0,0,0,0,0,0,0,0
li,1,c,4,0,52.8021,-8.461277,5850396.66,536318.85,NA,5.72,14.85,84,64,24,0,3,17,25,43,6,2,17,1,0,1,5,0,0,0,0,0,0,0,2,0,0,0,1
li,2,c,1,0,52.57833,-8.188055,5825674.51,555018.83,NA,5.36,8.89,79,10,32,0,1,6,2,4,16,1,17,1,0,2,7,0,0,0,0,0,0,0,4,0,0,0,1
li,2,c,2,0,52.57833,-8.188055,5825676.01,555020.83,NA,NA,NA,NA,NA,NA,NA,NA,NA,NA,NA,NA,NA,NA,NA,NA,NA,NA,NA,NA,NA,NA,NA,NA,NA,NA,NA,NA,NA,NA
li,2,c,3,0,52.57833,-8.188055,5825677.51,555020.83,NA,5.38,11.75,65,16,1,0,0,2,0,1,1,1,1,0,0,0,1,0,0,0,0,0,0,0,0,0,0,0,1
li,2,c,4,0,52.57833,-8.188055,5825679.01,555018.83,NA,5.36,9.36,20,4,3,0,0,5,4,34,9,0,18,0,0,1,2,0,0,0,0,0,0,0,1,0,0,0,1
li,3,c,1,0,52.7503,-8.354259,5844689.56,543585.27,67.38,5.7,16.6,15,4,4,0,0,1,1,5,1,0,22,0,0,0,3,0,0,0,1,0,0,0,0,0,0,0,0
li,3,c,2,0,52.7503,-8.354259,5844691.06,543587.27,59.5,5.67,17.8,32,41,24,0,1,12,7,18,12,0,16,0,1,1,4,0,0,0,0,0,0,0,0,0,0,0,4
li,3,c,3,0,52.7503,-8.354259,5844692.56,543587.27,66.48,5.7,15.49,106,17,7,0,0,23,11,10,3,0,20,1,1,0,7,0,0,0,0,0,0,0,1,0,0,2,0
li,3,c,4,0,52.7503,-8.354259,5844694.06,543585.27,NA,5.55,14.85,46,19,9,0,1,10,7,8,8,0,29,0,1,2,4,0,0,0,0,0,0,0,0,0,0,4,0
li,4,c,1,0,52.71528,-7.918055,5841147.6,573085.33,18.32,5.4,26.39,28,10,5,7,7,10,0,1,13,0,4,1,0,0,4,0,0,0,0,0,0,0,0,0,0,0,0
li,4,c,2,0,52.71528,-7.918055,5841149.1,573087.33,63.34,5.47,26.35,30,4,13,0,13,14,6,31,4,0,7,0,0,0,1,0,0,0,0,0,0,0,0,0,0,0,0
li,4,c,3,0,52.71528,-7.918055,5841150.6,573087.33,63.57,5.65,23.8,44,10,19,0,11,12,8,15,13,0,21,0,0,0,4,0,14,0,0,0,0,0,0,0,0,0,0
li,4,c,4,0,52.71528,-7.918055,5841152.1,573085.33,NA,5.32,25.6,105,8,3,0,27,29,7,9,15,6,7,1,0,1,5,0,0,0,0,0,0,0,1,0,0,0,1
li,5,c,1,0,52.83305,-8.235725,5853972.64,551488,44.22,5.53,9.34,57,11,4,0,0,0,3,17,2,1,2,0,4,2,1,0,0,0,0,0,0,0,0,0,0,0,0
li,5,c,2,0,52.83305,-8.235725,5853974.14,551490,33.85,5.4,10.72,0,0,0,0,0,0,6,9,1,2,0,0,0,0,0,0,0,0,0,0,0,0,0,0,0,0,0
li,5,c,3,0,52.83305,-8.235725,5853975.64,551490,42.83,5.29,11.11,21,11,25,1,0,0,33,31,10,7,0,1,1,0,4,0,0,0,0,0,0,0,0,0,0,0,1
li,5,c,4,0,52.83305,-8.235725,5853977.14,551488,NA,5.72,11.07,47,9,29,0,0,0,8,50,24,0,0,1,0,0,9,0,0,1,1,1,0,0,0,0,0,0,1
bo,1,d,1,0,54.39917,-6.609722,6030567.28,655166.39,14.25,5.16,17.17,1,0,0,0,0,0,1,1,3,0,0,0,0,0,0,0,0,0,0,0,0,0,0,0,0,1,0
bo,1,d,2,0,54.39917,-6.609722,6030568.78,655164.39,18.22,5.37,15.81,1,0,0,0,4,0,4,0,2,4,4,0,9,1,0,0,0,0,0,0,0,0,0,0,0,2,0
bo,1,d,3,0,54.39917,-6.609722,6030570.28,655164.39,17.95,5.52,15.97,0,0,0,0,0,0,4,2,4,2,3,0,0,0,0,0,0,0,0,0,0,0,0,0,0,6,0
bo,1,d,4,0,54.39917,-6.609722,6030571.78,655166.39,NA,5.5,16.14,2,1,0,0,2,1,1,0,2,5,8,0,0,0,0,0,0,0,0,0,0,0,0,0,0,6,0
bo,2,d,1,0,54.23111,-6.794444,6011481.1,643762,NA,5.69,20.2,0,0,5,0,0,0,0,0,0,1,0,0,0,0,0,0,0,0,0,0,0,0,0,0,0,0,0
bo,2,d,2,0,54.23111,-6.794444,6011482.6,643760,NA,5.75,24.74,0,1,2,0,0,0,0,0,0,0,0,0,0,0,0,0,0,0,0,0,0,0,0,0,0,0,0
bo,2,d,3,0,54.23111,-6.794444,6011484.1,643760,NA,5.85,21.63,0,1,1,0,0,0,0,0,0,0,0,0,0,0,0,0,0,0,0,0,0,0,0,0,0,0,0
bo,2,d,4,0,54.23111,-6.794444,6011485.6,643762,NA,5.88,26.53,0,0,1,0,0,0,0,1,1,0,0,0,1,0,0,0,0,0,0,0,0,0,0,0,0,1,0
bo,3,d,1,0,54.26472,-6.491666,6015878.55,663360.67,56.43,5.85,18.42,4,11,0,0,1,0,9,19,35,87,10,2,0,0,0,0,0,1,0,3,0,0,2,0,1,2,0
bo,3,d,2,0,54.26472,-6.491666,6015880.05,663358.67,16.59,6.09,14.77,0,9,1,0,0,0,0,13,13,40,6,0,0,0,0,0,0,0,0,0,0,0,2,0,0,0,0
bo,3,d,3,0,54.26472,-6.491666,6015881.55,663358.67,24.74,5.76,17.69,8,0,1,0,0,0,6,17,24,14,5,1,0,0,0,0,0,0,0,0,0,0,1,0,0,0,0
bo,3,d,4,0,54.26472,-6.491666,6015883.05,663360.67,NA,5.97,13.78,0,8,0,0,0,3,1,7,1,0,0,0,0,0,0,0,0,0,0,0,0,0,0,0,0,0,1
bo,4,d,1,0,54.19444,-6.488611,6008068.31,663837.78,NA,6.09,28.6,4,1,0,0,1,0,0,2,2,1,6,0,0,0,1,0,0,0,0,0,0,0,0,0,0,2,0
bo,4,d,2,0,54.19444,-6.488611,6008069.81,663835.78,NA,5.91,28.17,19,2,0,0,3,0,2,7,2,0,5,0,1,2,3,0,0,0,0,0,0,0,0,0,0,0,0
bo,4,d,3,0,54.19444,-6.488611,6008071.31,663835.78,NA,5.91,29.2,12,1,3,0,0,2,1,2,0,0,17,1,0,1,0,0,0,0,0,0,0,0,0,0,0,0,0
bo,4,d,4,0,54.19444,-6.488611,6008072.81,663837.78,NA,6,29.14,0,0,0,0,0,0,0,0,0,0,0,0,0,0,0,0,0,0,0,0,0,0,0,0,0,0,0
bo,5,d,1,0,54.15833,-7.004722,6002977.03,630286.5,18.17,5.49,15.13,3,10,23,0,1,0,5,2,6,22,8,1,0,1,0,0,0,0,0,0,0,0,0,0,0,1,0
bo,5,d,2,0,54.15833,-7.004722,6002978.53,630284.5,11.97,5.5,12.48,9,7,12,0,3,0,4,5,3,72,23,0,0,0,0,0,0,0,0,0,0,0,0,0,0,0,0
bo,5,d,3,0,54.15833,-7.004722,6002980.03,630284.5,24.05,5.52,12.67,2,3,46,0,1,0,1,5,3,16,12,1,0,0,1,0,0,0,0,0,0,0,0,0,0,1,0
bo,5,d,4,0,54.15833,-7.004722,6002981.53,630286.5,NA,5.8,15.34,14,9,1,0,4,3,5,1,9,30,20,0,0,0,0,0,0,0,0,1,0,0,3,0,0,6,0
co,1,d,1,0,51.76111,-8.460833,5734606.25,537212.68,43.75,5.93,6.9,0,0,0,0,0,0,0,0,0,0,0,0,0,0,0,0,0,0,0,0,0,0,0,0,0,0,0
co,1,d,2,0,51.76111,-8.460833,5734607.75,537210.68,18.89,5.7,8.51,0,0,0,0,0,0,0,0,0,0,0,0,0,0,0,0,0,0,0,0,0,0,0,0,0,0,0
co,1,d,3,0,51.76111,-8.460833,5734609.25,537210.68,17.89,5.73,6.96,0,3,19,0,0,0,0,4,14,194,9,0,0,0,1,0,0,0,0,0,0,0,1,0,0,0,0
co,1,d,4,0,51.76111,-8.460833,5734610.75,537212.68,NA,5.71,6.36,0,4,16,0,0,0,0,8,7,104,11,0,0,0,0,0,0,0,0,0,0,0,1,0,0,0,0
co,2,d,1,0,51.73639,-8.624722,5731786.05,525916.05,10.33,5.71,11.4,10,4,7,0,0,0,7,30,2,74,12,0,0,0,0,0,0,0,0,1,0,0,0,0,0,0,0
co,2,d,2,0,51.73639,-8.624722,5731787.55,525914.05,15.91,5.91,8.76,3,4,23,0,0,0,0,16,2,25,0,0,0,0,1,0,0,0,0,0,0,0,0,0,0,0,0
co,2,d,3,0,51.73639,-8.624722,5731789.05,525914.05,14.49,5.9,10.98,13,10,12,0,0,0,9,5,10,44,4,0,0,0,0,0,0,0,0,1,0,0,0,0,0,0,0
co,2,d,4,0,51.73639,-8.624722,5731790.55,525916.05,NA,5.94,12.15,7,6,7,0,0,0,3,21,1,5,2,0,0,0,0,0,0,0,0,0,0,0,0,0,0,0,0
co,3,d,1,0,51.91818,-8.955555,5751938.96,503058.73,NA,5.44,7.91,9,0,0,0,11,3,1,4,5,1,6,0,0,0,2,0,0,0,0,0,0,0,0,0,0,0,0
co,3,d,2,0,51.91818,-8.955555,5751940.46,503056.73,20.73,5.46,9.68,4,0,0,0,19,8,1,3,9,21,19,2,0,1,0,0,0,0,0,0,0,0,0,0,0,0,0
co,3,d,3,0,51.91818,-8.955555,5751941.96,503056.73,26.69,5.28,6.3,3,2,0,0,5,3,5,10,2,4,0,0,0,0,1,0,0,0,0,0,0,0,0,0,0,0,0
co,3,d,4,0,51.91818,-8.955555,5751943.46,503058.73,NA,5.66,3.79,20,1,0,0,117,27,7,25,2,30,12,0,0,1,2,0,0,0,0,0,0,0,0,0,0,0,0
co,4,d,1,0,52.03065,-9.079933,5764450.22,494518.3,53.23,5.43,13.32,4,23,74,0,0,0,1,2,21,4,12,1,0,1,0,0,0,0,0,0,0,0,0,0,0,0,0
co,4,d,2,0,52.03065,-9.079933,5764451.72,494516.3,9.38,5.65,13.2,2,6,0,0,0,0,0,4,27,15,75,0,0,0,0,0,0,0,0,1,0,0,36,0,0,0,0
co,4,d,3,0,52.03065,-9.079933,5764453.22,494516.3,31.68,5.7,11.8,7,16,6,0,0,0,3,1,3,9,13,0,0,0,0,0,0,0,0,0,0,0,0,0,0,0,0
co,4,d,4,0,52.03065,-9.079933,5764454.72,494518.3,NA,6,17.73,12,11,0,0,0,0,0,0,1,5,35,0,0,0,0,0,0,0,0,0,0,0,4,0,0,0,0
co,5,d,1,0,52.12233,-9.050161,5774645.43,496567.81,25.52,5.53,9.09,3,7,166,0,2,1,5,9,26,13,40,3,0,1,2,0,0,0,0,1,0,0,0,0,0,0,2
co,5,d,2,0,52.12233,-9.050161,5774646.93,496565.81,26.45,5.52,9.16,9,5,4,0,5,0,1,7,14,9,39,0,0,0,0,0,0,0,0,2,0,0,0,0,0,1,0
co,5,d,3,0,52.12233,-9.050161,5774648.43,496565.81,21.54,5.58,9.18,6,0,17,0,1,0,0,36,7,0,8,0,0,0,0,0,0,1,0,0,0,0,2,0,0,1,0
co,5,d,4,0,52.12233,-9.050161,5774649.93,496567.81,NA,5.47,10.16,6,6,4,0,1,0,1,2,4,3,8,1,0,0,0,0,0,0,0,0,1,0,0,0,0,2,0
du,1,d,1,0,53.595,-6.405555,5941592.26,671695.79,26.23,6.07,7.95,54,16,0,0,5,1,19,69,48,300,29,0,1,0,0,0,0,0,0,1,0,0,8,0,2,0,0
du,1,d,2,0,53.595,-6.405555,5941593.76,671693.79,13.01,6.08,9.55,71,13,35,0,1,5,3,24,59,1360,20,0,0,0,0,0,0,0,0,0,0,0,1,0,1,2,0
du,1,d,3,0,53.595,-6.405555,5941595.26,671693.79,33.51,6.12,10.89,2,9,2,0,0,0,3,15,4,63,0,0,0,0,0,0,0,0,0,0,0,0,0,0,0,0,0
du,1,d,4,0,53.595,-6.405555,5941596.76,671695.79,NA,6.26,9.49,18,8,0,0,0,0,0,17,12,450,1,0,0,0,0,0,0,0,0,0,0,0,0,0,0,1,0
du,2,d,1,0,53.56806,-6.416666,5938569.26,671069.43,19.09,5.83,10.28,14,41,5,0,0,1,1,6,22,25,5,2,0,0,0,0,0,0,0,0,0,0,0,0,0,1,0
du,2,d,2,0,53.56806,-6.416666,5938570.76,671067.43,14.32,5.87,10.98,23,4,29,0,1,1,4,11,13,0,4,3,0,0,0,0,0,0,0,0,0,0,0,0,0,0,0
du,2,d,3,0,53.56806,-6.416666,5938572.26,671067.43,17.87,5.97,9.33,15,8,6,0,5,0,1,6,7,50,3,0,0,0,0,0,0,0,0,0,0,0,0,0,0,0,0
du,2,d,4,0,53.56806,-6.416666,5938573.76,671069.43,NA,5.59,13.29,16,7,13,0,0,0,1,3,12,36,0,0,0,0,0,0,0,0,0,0,0,0,0,0,0,0,1
du,3,d,1,0,53.63639,-6.711666,5945500.92,651293.43,15.46,6.11,14.88,25,5,12,0,12,1,5,8,14,10,4,0,0,0,1,0,0,0,0,0,0,0,1,0,0,0,0
du,3,d,2,0,53.63639,-6.711666,5945502.42,651291.43,16.35,5.94,18.36,6,2,0,0,15,7,0,8,3,2,2,1,0,0,0,0,0,0,0,1,0,0,0,0,0,3,0
du,3,d,3,0,53.63639,-6.711666,5945503.92,651291.43,13.78,5.76,14.57,5,3,21,0,15,1,4,2,12,0,15,1,0,0,1,0,0,0,0,0,0,0,0,0,0,2,0
du,3,d,4,0,53.63639,-6.711666,5945505.42,651293.43,NA,5.89,12.99,16,4,72,0,7,2,3,7,0,8,8,0,0,0,2,0,0,0,0,0,0,0,0,0,0,0,1
du,4,d,1,0,53.59639,-6.726388,5941020.61,650462.46,15.91,5.96,11.52,1,0,0,0,0,0,0,0,0,0,0,0,0,1,0,0,0,0,0,0,0,0,0,0,0,0,0
du,4,d,2,0,53.59639,-6.726388,5941022.11,650460.46,10.89,5.55,11.8,15,2,5,0,0,1,27,83,10,7,40,0,1,0,0,0,0,0,0,0,0,1,8,0,0,1,0
du,4,d,3,0,53.59639,-6.726388,5941023.61,650460.46,9.2,5.82,12.48,10,1,9,0,0,1,24,23,9,7,11,3,2,1,0,0,0,0,0,1,0,0,0,0,0,0,1
du,4,d,4,0,53.59639,-6.726388,5941025.11,650462.46,NA,5.5,13,0,0,0,0,0,0,0,0,0,0,0,0,0,0,0,0,0,0,0,0,0,0,0,0,0,0,0
du,5,d,1,0,53.4675,-6.936666,5926260.06,636964.16,71.43,6.31,24.8,16,5,1,0,0,0,1,2,6,8,6,1,1,0,7,0,0,0,0,0,0,0,6,0,0,1,2
du,5,d,2,0,53.4675,-6.936666,5926261.56,636962.16,77.16,6.37,23.32,32,0,0,0,0,0,3,10,2,5,1,0,0,0,2,0,0,0,0,0,0,0,3,0,0,0,1
du,5,d,3,0,53.4675,-6.936666,5926263.06,636962.16,83.25,6.66,14.94,7,1,1,0,0,0,2,2,8,0,5,0,0,1,6,0,0,0,0,0,0,0,1,0,0,0,1
du,5,d,4,0,53.4675,-6.936666,5926264.56,636964.16,NA,6.65,27.47,10,5,6,0,1,0,1,10,9,7,3,1,0,2,4,0,0,0,0,1,0,0,1,0,0,0,0
li,1,d,1,0,52.8021,-8.461277,5850392.16,536320.85,10.53,5.96,14.2,27,46,11,0,2,5,7,24,39,4,4,1,0,0,0,0,0,0,0,2,0,0,0,0,1,0,2
li,1,d,2,0,52.8021,-8.461277,5850393.66,536318.85,58.62,5.56,9.33,26,9,1,0,0,3,4,37,3,0,10,0,0,1,0,0,0,0,0,0,0,0,0,0,0,0,0
li,1,d,3,0,52.8021,-8.461277,5850395.16,536318.85,5,5.78,16.1,17,45,22,0,1,1,1,12,42,74,19,2,0,0,0,0,0,0,0,0,0,0,0,0,0,0,0
li,1,d,4,0,52.8021,-8.461277,5850396.66,536320.85,NA,5.29,13.1,21,30,37,0,0,0,11,33,12,2,0,2,0,0,0,0,0,0,0,0,0,0,0,0,0,0,1
li,2,d,1,0,52.57833,-8.188055,5825674.51,555020.83,NA,5.16,7.98,21,15,72,0,5,5,6,6,10,0,17,3,0,0,4,0,0,0,0,0,0,0,2,0,0,0,0
li,2,d,2,0,52.57833,-8.188055,5825676.01,555018.83,NA,5.05,8.3,62,14,11,0,7,6,40,32,6,2,21,0,0,2,8,0,0,0,0,0,0,0,6,0,0,0,1
li,2,d,3,0,52.57833,-8.188055,5825677.51,555018.83,NA,5.14,8.66,11,10,6,0,3,12,9,28,7,0,29,0,0,2,11,0,0,0,0,1,0,0,2,0,0,0,1
li,2,d,4,0,52.57833,-8.188055,5825679.01,555020.83,NA,5.48,10.74,7,6,14,0,1,1,2,13,14,0,7,0,0,0,0,0,0,0,0,0,0,0,0,0,0,1,0
li,3,d,1,0,52.7503,-8.354259,5844689.56,543587.27,39.72,5.7,16,21,16,46,0,2,11,10,20,85,4,97,1,0,1,2,0,0,1,0,1,0,0,0,0,0,3,0
li,3,d,2,0,52.7503,-8.354259,5844691.06,543585.27,15.11,5.52,14.8,15,31,44,0,3,1,10,2,51,58,9,2,2,0,0,0,0,1,0,0,0,0,0,0,0,0,0
li,3,d,3,0,52.7503,-8.354259,5844692.56,543585.27,68.3,5.52,13.47,8,2,11,0,0,1,2,4,2,0,2,0,0,0,3,0,0,0,0,0,0,0,5,0,0,1,0
li,3,d,4,0,52.7503,-8.354259,5844694.06,543587.27,NA,5.57,16,52,8,23,0,0,0,13,18,38,14,134,4,0,0,1,0,0,0,0,0,0,0,1,0,0,1,2
li,4,d,1,0,52.71528,-7.918055,5841147.6,573087.33,22.38,5.28,20.12,19,11,115,0,37,28,22,25,78,1,42,15,0,0,2,0,0,0,0,2,0,0,3,0,0,2,0
li,4,d,2,0,52.71528,-7.918055,5841149.1,573085.33,22.4,5.54,16.07,10,13,28,0,18,5,6,12,10,0,14,0,0,0,2,0,0,0,0,0,0,0,1,0,0,0,0
li,4,d,3,0,52.71528,-7.918055,5841150.6,573085.33,15.33,5.38,18.36,13,0,16,0,40,9,8,17,19,0,2,0,0,0,0,0,0,0,0,0,0,0,0,0,0,2,0
li,4,d,4,0,52.71528,-7.918055,5841152.1,573087.33,NA,5.65,18.45,10,24,12,0,33,7,4,5,18,0,12,0,0,0,4,0,0,0,0,0,0,0,0,0,0,0,0
li,5,d,1,0,52.83305,-8.235725,5853972.64,551490,17.78,5.68,12.92,10,28,44,0,0,0,3,4,51,2,10,2,1,0,0,0,0,0,0,0,0,0,0,0,0,1,1
li,5,d,2,0,52.83305,-8.235725,5853974.14,551488,46.28,5.62,8.91,0,0,0,0,0,0,0,0,0,0,0,0,0,0,0,0,0,0,0,0,0,0,0,0,0,0,0
li,5,d,3,0,52.83305,-8.235725,5853975.64,551488,43.59,5.69,10.6,0,0,0,0,0,0,0,0,0,0,0,0,0,0,0,0,0,0,0,0,0,0,0,0,0,0,0
li,5,d,4,0,52.83305,-8.235725,5853977.14,551490,NA,5.43,12.77,0,0,0,0,0,0,0,0,0,0,0,0,0,0,0,0,0,0,0,0,0,0,0,0,0,0,0
bo,1,c,1,32,54.39917,-6.609722,6030567.28,655164.39,NA,NA,NA,NA,NA,NA,NA,NA,NA,NA,NA,NA,NA,NA,NA,NA,NA,NA,NA,NA,NA,NA,NA,NA,NA,NA,NA,NA,NA,NA
bo,1,c,2,32,54.39917,-6.609722,6030568.78,655166.39,NA,NA,NA,NA,NA,NA,NA,NA,NA,NA,NA,NA,NA,NA,NA,NA,NA,NA,NA,NA,NA,NA,NA,NA,NA,NA,NA,NA,NA,NA
bo,1,c,3,32,54.39917,-6.609722,6030570.28,655166.39,NA,NA,NA,NA,NA,NA,NA,NA,NA,NA,NA,NA,NA,NA,NA,NA,NA,NA,NA,NA,NA,NA,NA,NA,NA,NA,NA,NA,NA,NA
bo,1,c,4,32,54.39917,-6.609722,6030571.78,655164.39,NA,NA,NA,NA,NA,NA,NA,NA,NA,NA,NA,NA,NA,NA,NA,NA,NA,NA,NA,NA,NA,NA,NA,NA,NA,NA,NA,NA,NA,NA
bo,2,c,1,32,54.23111,-6.794444,6011481.1,643760,NA,5.8,16.37,33,11,3,0,1,6,4,29,2,11,8,0,0,0,2,0,0,0,2,1,0,0,1,0,0,0,2
bo,2,c,2,32,54.23111,-6.794444,6011482.6,643762,NA,5.86,14.17,14,26,1,0,0,8,4,4,0,1,16,0,0,0,1,0,0,0,0,1,0,0,1,0,0,0,0
bo,2,c,3,32,54.23111,-6.794444,6011484.1,643762,NA,5.98,14.79,22,5,5,0,0,15,5,27,0,4,8,0,0,1,1,0,0,0,0,0,0,0,4,0,0,0,1
bo,2,c,4,32,54.23111,-6.794444,6011485.6,643760,NA,5.91,20.52,59,13,24,0,0,4,3,32,1,22,12,0,0,7,1,0,0,0,0,0,0,0,0,0,0,6,1
bo,3,c,1,32,54.26472,-6.491666,6015878.55,663358.67,45,5.63,14.6,17,12,16,0,2,0,7,9,6,3,3,0,0,0,3,0,0,0,0,0,0,0,28,0,0,0,0
bo,3,c,2,32,54.26472,-6.491666,6015880.05,663360.67,64.69,5.69,9.16,40,13,20,0,0,0,3,25,1,0,9,1,0,1,6,0,0,0,0,0,0,0,0,0,0,0,1
bo,3,c,3,32,54.26472,-6.491666,6015881.55,663360.67,55.56,5.55,14.6,37,12,6,0,0,1,5,30,13,8,5,0,0,0,10,0,0,0,0,0,0,0,1,0,0,2,0
bo,3,c,4,32,54.26472,-6.491666,6015883.05,663358.67,NA,5.75,12.57,44,0,0,0,0,0,0,5,0,0,1,0,0,0,5,0,0,0,0,0,0,0,0,0,0,0,0
bo,4,c,1,32,54.19444,-6.488611,6008068.31,663835.78,NA,5.89,29.08,45,2,2,0,0,35,0,0,0,1,41,0,0,0,0,0,0,0,0,0,0,0,10,0,0,3,0
bo,4,c,2,32,54.19444,-6.488611,6008069.81,663837.78,NA,5.95,29.74,49,0,42,0,1,24,1,0,0,3,2,0,1,1,4,0,0,0,0,0,0,0,0,0,0,2,1
bo,4,c,3,32,54.19444,-6.488611,6008071.31,663837.78,NA,5.81,28.17,36,1,0,0,4,34,0,0,0,2,28,0,1,0,2,0,0,0,0,0,0,0,0,0,0,0,1
bo,4,c,4,32,54.19444,-6.488611,6008072.81,663835.78,NA,6.04,26.29,39,2,0,0,0,16,2,0,0,0,7,0,3,2,9,0,0,0,0,0,0,0,0,0,0,0,0
bo,5,c,1,32,54.15833,-7.004722,6002977.03,630284.5,78.48,5.31,15.51,10,2,5,0,0,1,1,0,0,1,3,0,0,0,2,0,0,0,0,0,0,0,0,0,0,0,0
bo,5,c,2,32,54.15833,-7.004722,6002978.53,630286.5,82.31,5.39,17.66,33,2,10,0,0,16,3,4,0,0,4,0,0,0,2,0,0,0,0,0,0,0,6,0,0,1,2
bo,5,c,3,32,54.15833,-7.004722,6002980.03,630286.5,70.92,5.5,16.31,45,20,19,0,1,15,3,0,2,6,85,0,1,1,3,0,0,0,0,0,0,0,59,0,0,1,0
bo,5,c,4,32,54.15833,-7.004722,6002981.53,630284.5,NA,5.56,12.48,83,6,36,0,4,14,0,24,0,1,6,0,0,0,1,0,0,0,0,0,0,0,1,0,0,0,0
co,1,c,1,32,51.76111,-8.460833,5734606.25,537210.68,36.39,6.09,7.87,3,1,23,0,0,0,3,22,9,10,7,1,0,0,0,0,0,0,0,0,0,0,29,0,0,2,1
co,1,c,2,32,51.76111,-8.460833,5734607.75,537212.68,42.94,6,8.09,52,13,25,0,0,0,7,32,6,16,2,1,0,0,0,0,0,0,0,0,0,0,0,0,0,0,0
co,1,c,3,32,51.76111,-8.460833,5734609.25,537212.68,44.25,5.93,6.39,4,2,8,0,0,0,8,17,16,44,3,5,0,1,1,0,0,0,0,0,0,0,15,0,0,0,0
co,1,c,4,32,51.76111,-8.460833,5734610.75,537210.68,NA,5.92,8.07,39,2,6,0,0,0,1,14,17,133,5,1,0,0,0,0,0,1,0,0,0,0,0,0,0,3,0
co,2,c,1,32,51.73639,-8.624722,5731786.05,525914.05,NA,5.49,14.34,17,21,4,0,1,3,7,13,6,14,8,2,1,0,0,0,0,0,0,1,0,0,1,0,0,0,0
co,2,c,2,32,51.73639,-8.624722,5731787.55,525916.05,26.03,5.58,12.8,8,8,39,0,0,0,11,35,11,73,4,2,0,2,0,0,0,0,0,0,0,0,1,0,1,0,1
co,2,c,3,32,51.73639,-8.624722,5731789.05,525916.05,27.76,5.7,14.17,117,19,38,0,4,0,7,39,12,42,6,0,2,1,1,0,0,0,0,0,0,0,0,0,0,0,0
co,2,c,4,32,51.73639,-8.624722,5731790.55,525914.05,NA,5.67,13.37,33,33,21,0,0,0,10,53,3,9,1,1,0,0,0,0,0,0,0,0,0,0,5,0,0,0,0
co,3,c,1,32,51.91818,-8.955555,5751938.96,503056.73,NA,4.92,11.68,20,7,1,0,51,6,22,2,5,13,17,7,0,0,0,0,0,0,0,0,0,0,0,0,0,0,1
co,3,c,2,32,51.91818,-8.955555,5751940.46,503058.73,NA,5.36,9.98,52,26,3,0,50,23,27,9,13,6,10,0,1,0,0,0,0,0,0,0,0,0,0,0,0,1,0
co,3,c,3,32,51.91818,-8.955555,5751941.96,503058.73,NA,5.05,8.71,42,9,0,0,79,2,12,9,6,11,12,0,2,0,0,0,0,0,0,0,0,0,1,0,0,0,0
co,3,c,4,32,51.91818,-8.955555,5751943.46,503056.73,NA,5.29,9.15,67,12,0,0,40,27,7,2,8,10,12,0,0,2,1,0,0,0,0,1,0,0,0,0,0,1,0
co,4,c,1,32,52.03065,-9.079933,5764450.22,494516.3,44.37,5.61,11.2,1,4,19,0,0,0,0,3,2,2,3,0,0,0,3,0,0,0,0,0,0,0,3,0,0,1,1
co,4,c,2,32,52.03065,-9.079933,5764451.72,494518.3,48.54,5.6,13.37,6,15,24,1,0,0,5,11,3,1,13,1,0,0,0,0,0,0,0,1,0,0,0,0,0,0,0
co,4,c,3,32,52.03065,-9.079933,5764453.22,494518.3,48.61,5.65,12.8,2,13,11,0,0,0,3,7,1,0,5,0,0,0,3,0,0,0,0,0,0,0,6,0,0,1,0
co,4,c,4,32,52.03065,-9.079933,5764454.72,494516.3,NA,NA,NA,NA,NA,NA,NA,NA,NA,NA,NA,NA,NA,NA,NA,NA,NA,NA,NA,NA,NA,NA,NA,NA,NA,NA,NA,NA,NA,NA
co,5,c,1,32,52.12233,-9.050161,5774645.43,496565.81,51.4,5.51,11,61,3,9,0,1,0,2,7,0,0,3,0,1,1,0,0,0,0,0,0,0,0,0,0,1,0,1
co,5,c,2,32,52.12233,-9.050161,5774646.93,496567.81,49.36,5.47,9.96,78,4,2,0,0,0,1,8,6,7,5,3,1,2,0,0,0,0,0,0,0,0,0,0,1,0,1
co,5,c,3,32,52.12233,-9.050161,5774648.43,496567.81,35.54,5.73,13.27,10,5,4,0,0,2,0,2,1,2,1,1,0,0,0,0,0,1,0,0,0,0,0,0,0,0,1
co,5,c,4,32,52.12233,-9.050161,5774649.93,496565.81,NA,5.59,10.08,1,0,4,0,0,0,1,3,0,2,1,0,0,0,0,0,0,0,0,0,0,0,0,0,0,0,0
du,1,c,1,32,53.595,-6.405555,5941592.26,671693.79,51.64,5.95,12.28,52,21,60,0,0,1,2,34,2,5,8,15,0,0,3,0,0,0,0,0,0,0,0,0,0,0,0
du,1,c,2,32,53.595,-6.405555,5941593.76,671695.79,42.66,5.74,11.51,66,10,36,0,0,1,6,31,3,4,9,0,0,0,8,0,0,0,1,0,0,0,1,0,0,1,0
du,1,c,3,32,53.595,-6.405555,5941595.26,671695.79,44.28,6.63,13.17,119,9,0,0,3,10,5,31,13,2,6,0,0,0,2,0,0,0,0,0,0,0,14,0,0,0,0
du,1,c,4,32,53.595,-6.405555,5941596.76,671693.79,NA,5.84,14,178,18,48,0,9,6,9,34,6,2,6,0,0,0,5,0,0,0,0,0,0,0,1,0,0,1,0
du,2,c,1,32,53.56806,-6.416666,5938569.26,671067.43,38.99,5.99,7.4,20,3,20,0,0,1,3,1,10,1,1,0,4,3,3,0,0,0,0,0,0,0,0,0,0,0,0
du,2,c,2,32,53.56806,-6.416666,5938570.76,671069.43,40.98,5.84,10.67,13,6,18,0,1,0,3,10,10,0,1,0,0,1,4,0,0,0,0,0,0,0,8,0,0,0,1
du,2,c,3,32,53.56806,-6.416666,5938572.26,671069.43,30.3,5.95,8.76,4,9,40,0,2,2,7,10,15,2,13,2,0,4,5,0,0,0,0,0,0,0,2,0,0,0,0
du,2,c,4,32,53.56806,-6.416666,5938573.76,671067.43,NA,8.09,7.37,14,7,17,0,5,0,26,12,18,0,8,0,0,0,0,0,0,0,0,0,0,0,7,0,1,1,0
du,3,c,1,32,53.63639,-6.711666,5945500.92,651291.43,61.13,5.39,10.98,15,7,16,0,0,8,3,12,0,2,1,0,0,0,2,0,0,0,0,0,0,0,1,0,0,0,1
du,3,c,2,32,53.63639,-6.711666,5945502.42,651293.43,57.88,5.56,12.1,7,0,15,0,3,3,3,22,3,3,4,0,0,1,5,0,0,0,0,1,0,0,2,0,0,0,0
du,3,c,3,32,53.63639,-6.711666,5945503.92,651293.43,45.59,5.65,13.67,8,3,10,0,4,1,7,36,4,11,4,1,0,3,6,0,0,0,0,0,0,0,3,0,0,0,1
du,3,c,4,32,53.63639,-6.711666,5945505.42,651291.43,NA,5.76,15.55,23,3,19,0,5,4,7,13,0,8,1,0,0,0,5,0,0,0,0,2,0,0,2,0,0,0,1
du,4,c,1,32,53.59639,-6.726388,5941020.61,650460.46,52.32,6.09,10.78,51,5,4,0,0,8,6,35,5,3,6,0,1,0,0,0,0,0,0,0,0,0,26,0,0,0,0
du,4,c,2,32,53.59639,-6.726388,5941022.11,650462.46,57.71,6.02,10.4,45,6,32,0,1,13,9,22,8,1,7,2,0,0,4,0,0,0,1,0,0,0,18,0,0,0,1
du,4,c,3,32,53.59639,-6.726388,5941023.61,650462.46,46.22,6.09,10.34,42,11,15,0,0,6,3,11,5,13,8,4,0,0,6,0,0,0,0,0,0,0,42,0,1,0,2
du,4,c,4,32,53.59639,-6.726388,5941025.11,650460.46,NA,6.05,10.56,37,3,3,0,0,4,0,15,1,7,11,0,0,2,3,0,0,1,0,1,0,0,3,0,0,0,0
du,5,c,1,32,53.4675,-6.936666,5926260.06,636962.16,83.82,6.14,36.58,9,4,1,0,0,0,0,8,3,4,3,0,0,0,2,0,0,0,0,0,0,0,1,0,0,0,1
du,5,c,2,32,53.4675,-6.936666,5926261.56,636964.16,84.64,5.98,41.03,35,8,4,0,0,2,1,0,1,1,11,0,0,3,5,0,0,0,0,0,0,0,0,0,0,0,2
du,5,c,3,32,53.4675,-6.936666,5926263.06,636964.16,76.99,6.17,31.61,18,13,1,0,0,0,9,17,1,13,4,0,1,0,9,0,0,0,0,0,0,0,14,0,1,0,2
du,5,c,4,32,53.4675,-6.936666,5926264.56,636962.16,NA,6.56,26.69,37,23,22,0,2,5,18,12,0,4,18,0,0,43,3,0,0,0,0,1,2,0,43,0,0,0,1
li,1,c,1,32,52.8021,-8.461277,5850392.16,536318.85,51.81,5.82,12.57,36,10,20,0,0,14,13,22,2,2,1,1,1,0,0,0,0,0,0,0,0,0,1,0,0,0,1
li,1,c,2,32,52.8021,-8.461277,5850393.66,536320.85,52.84,5.74,12.48,33,35,52,0,2,15,1,31,2,3,10,0,2,2,0,0,0,0,0,0,0,0,14,0,0,0,0
li,1,c,3,32,52.8021,-8.461277,5850395.16,536320.85,56.66,5.92,11.16,41,3,37,0,0,5,7,22,12,2,2,1,0,0,2,0,0,0,0,0,0,0,6,0,0,0,0
li,1,c,4,32,52.8021,-8.461277,5850396.66,536318.85,NA,5.85,10.8,24,88,16,0,0,5,7,14,3,1,30,0,18,1,3,0,0,0,0,0,0,0,1,0,1,0,1
li,2,c,1,32,52.57833,-8.188055,5825674.51,555018.83,15.1,5.53,10.36,36,3,5,0,0,0,0,1,0,4,8,0,0,1,0,0,0,0,0,0,0,0,0,0,0,0,0
li,2,c,2,32,52.57833,-8.188055,5825676.01,555020.83,14.65,5.35,9.94,112,5,0,0,3,6,3,11,2,0,7,0,0,0,0,0,0,0,0,0,0,0,0,0,0,0,0
li,2,c,3,32,52.57833,-8.188055,5825677.51,555020.83,NA,5.54,12.15,56,4,3,0,1,3,5,13,1,0,11,0,1,0,1,0,0,0,0,1,0,0,1,0,0,0,0
li,2,c,4,32,52.57833,-8.188055,5825679.01,555018.83,NA,NA,NA,NA,NA,NA,NA,NA,NA,NA,NA,NA,NA,NA,NA,NA,NA,NA,NA,NA,NA,NA,NA,NA,NA,NA,NA,NA,NA,NA
li,3,c,1,32,52.7503,-8.354259,5844689.56,543585.27,61.98,5.58,12.9,28,3,13,0,0,0,0,2,6,3,2,0,2,0,1,0,0,0,0,0,0,0,59,0,0,2,0
li,3,c,2,32,52.7503,-8.354259,5844691.06,543587.27,64.26,5.58,13.64,20,12,19,0,4,5,3,16,12,1,51,0,2,0,2,0,0,0,0,0,0,0,31,2,0,2,0
li,3,c,3,32,52.7503,-8.354259,5844692.56,543587.27,67.83,5.61,16.2,10,14,18,0,0,5,6,9,4,2,23,0,1,0,2,0,0,0,0,0,0,0,5,0,0,6,0
li,3,c,4,32,52.7503,-8.354259,5844694.06,543585.27,NA,5.73,9.82,8,8,6,0,0,0,4,14,8,0,48,0,0,0,1,0,0,0,0,0,0,0,0,0,0,4,0
li,4,c,1,32,52.71528,-7.918055,5841147.6,573085.33,43.88,5.51,34.19,26,30,8,0,22,2,6,21,8,3,1,0,0,0,2,0,0,0,0,0,0,0,1,0,0,1,2
li,4,c,2,32,52.71528,-7.918055,5841149.1,573087.33,46.25,5.52,30.28,18,11,5,0,9,0,5,19,8,5,6,0,0,2,2,0,0,0,0,0,0,0,1,0,1,0,0
li,4,c,3,32,52.71528,-7.918055,5841150.6,573087.33,50.6,5.43,23.26,5,10,11,0,1,0,2,3,3,1,10,0,0,3,1,0,0,0,0,0,0,0,0,0,0,0,0
li,4,c,4,32,52.71528,-7.918055,5841152.1,573085.33,NA,5.31,28.8,73,18,7,0,39,15,3,1,10,7,15,1,0,1,1,0,0,0,0,0,0,0,0,0,0,0,1
li,5,c,1,32,52.83305,-8.235725,5853972.64,551488,44.2,5.51,9.9,24,3,22,0,0,0,9,58,10,0,5,0,0,2,2,0,0,0,0,1,0,0,6,0,0,1,0
li,5,c,2,32,52.83305,-8.235725,5853974.14,551490,36.43,5.48,12.92,10,21,24,0,0,0,10,36,8,5,2,1,34,0,12,0,0,0,0,1,0,0,31,0,0,1,0
li,5,c,3,32,52.83305,-8.235725,5853975.64,551490,34.76,5.69,8.58,40,4,38,0,0,0,2,16,6,1,3,0,1,0,2,0,0,1,0,0,0,0,9,0,0,1,0
li,5,c,4,32,52.83305,-8.235725,5853977.14,551488,NA,5.59,10.71,37,16,41,0,0,0,8,14,4,1,5,0,0,2,2,0,0,0,0,0,0,0,4,0,1,1,0
bo,1,d,1,32,54.39917,-6.609722,6030567.28,655166.39,52.82,5.98,9.5,5,3,14,0,2,2,0,13,4,2,11,1,0,1,6,0,0,0,0,0,0,0,0,0,0,0,4
bo,1,d,2,32,54.39917,-6.609722,6030568.78,655164.39,41.44,5.91,10.36,5,1,11,0,2,0,1,1,16,11,2,0,0,0,1,0,0,0,0,0,0,0,1,0,0,0,0
bo,1,d,3,32,54.39917,-6.609722,6030570.28,655164.39,27.63,5.65,10.4,6,8,9,0,3,0,2,11,18,15,15,0,9,0,5,0,0,0,0,0,0,0,0,0,0,1,1
bo,1,d,4,32,54.39917,-6.609722,6030571.78,655166.39,NA,5.81,7.57,84,11,18,0,0,0,0,3,5,5,19,0,0,0,2,0,0,0,0,0,0,0,3,0,0,2,0
bo,2,d,1,32,54.23111,-6.794444,6011481.1,643762,NA,5.54,18.58,0,5,1,0,1,1,4,22,0,0,4,2,0,0,4,0,0,0,0,1,0,0,3,0,0,0,1
bo,2,d,2,32,54.23111,-6.794444,6011482.6,643760,NA,5.66,10.96,28,35,56,0,0,0,3,33,1,4,18,0,1,0,1,0,0,0,0,0,0,0,0,0,0,1,0
bo,2,d,3,32,54.23111,-6.794444,6011484.1,643760,NA,NA,NA,NA,NA,NA,NA,NA,NA,NA,NA,NA,NA,NA,NA,NA,NA,NA,NA,NA,NA,NA,NA,NA,NA,NA,NA,NA,NA,NA
bo,2,d,4,32,54.23111,-6.794444,6011485.6,643762,NA,5.81,22.88,42,10,11,0,0,8,4,4,1,5,23,0,0,1,1,0,0,0,0,0,0,0,1,0,0,1,0
bo,3,d,1,32,54.26472,-6.491666,6015878.55,663360.67,NA,NA,NA,NA,NA,NA,NA,NA,NA,NA,NA,NA,NA,NA,NA,NA,NA,NA,NA,NA,NA,NA,NA,NA,NA,NA,NA,NA,NA,NA
bo,3,d,2,32,54.26472,-6.491666,6015880.05,663358.67,32.9,5.36,12.99,56,86,5,0,0,0,4,12,1,30,9,0,0,0,5,0,0,0,0,0,0,0,0,0,0,0,1
bo,3,d,3,32,54.26472,-6.491666,6015881.55,663358.67,53.12,5.35,12.55,80,108,61,0,3,1,12,36,15,54,5,1,0,2,6,0,0,2,0,0,0,0,7,0,0,0,1
bo,3,d,4,32,54.26472,-6.491666,6015883.05,663360.67,NA,NA,NA,NA,NA,NA,NA,NA,NA,NA,NA,NA,NA,NA,NA,NA,NA,NA,NA,NA,NA,NA,NA,NA,NA,NA,NA,NA,NA,NA
bo,4,d,1,32,54.19444,-6.488611,6008068.31,663837.78,NA,6.04,9.16,61,2,2,0,1,25,1,4,2,1,27,0,0,0,1,0,0,0,0,0,0,0,1,0,0,0,0
bo,4,d,2,32,54.19444,-6.488611,6008069.81,663835.78,NA,5.88,28.29,39,5,57,0,11,16,8,12,1,4,33,1,8,0,4,0,0,0,0,0,0,0,4,0,0,1,2
bo,4,d,3,32,54.19444,-6.488611,6008071.31,663835.78,NA,5.86,25.34,18,4,31,0,2,38,1,1,0,0,7,0,0,0,4,0,0,0,0,0,0,0,7,0,0,4,1
bo,4,d,4,32,54.19444,-6.488611,6008072.81,663837.78,NA,5.81,27.83,34,0,1,0,2,22,2,1,2,1,9,0,0,0,3,0,0,0,0,0,0,0,0,0,1,0,0
bo,5,d,1,32,54.15833,-7.004722,6002977.03,630286.5,56.35,5.31,15.11,39,17,21,0,13,5,2,20,0,6,24,0,0,0,5,0,0,0,0,0,0,0,10,0,0,0,0
bo,5,d,2,32,54.15833,-7.004722,6002978.53,630284.5,31.6,5.41,12.97,45,19,6,0,0,5,1,10,1,4,8,0,0,0,0,0,0,0,0,0,0,0,0,0,0,2,0
bo,5,d,3,32,54.15833,-7.004722,6002980.03,630284.5,50.88,5.38,14.99,26,5,21,0,2,6,4,20,4,8,15,0,0,0,0,0,0,0,0,2,0,0,55,0,0,2,1
bo,5,d,4,32,54.15833,-7.004722,6002981.53,630286.5,NA,5.61,17.2,28,30,24,0,6,0,0,9,2,17,14,0,0,0,0,0,0,0,0,1,0,0,14,0,0,1,1
co,1,d,1,32,51.76111,-8.460833,5734606.25,537212.68,41.98,5.51,6.13,27,4,30,0,1,1,12,28,7,52,23,9,0,0,0,0,0,0,1,0,0,0,0,0,0,0,4
co,1,d,2,32,51.76111,-8.460833,5734607.75,537210.68,33.15,5.45,8,10,3,9,0,0,0,1,38,10,146,5,0,0,0,0,0,0,0,0,1,0,0,0,0,0,0,1
co,1,d,3,32,51.76111,-8.460833,5734609.25,537210.68,37.63,5.72,5.77,86,5,25,0,0,0,25,20,2,17,4,1,1,0,0,0,0,0,1,0,0,0,1,0,0,0,0
co,1,d,4,32,51.76111,-8.460833,5734610.75,537212.68,NA,5.71,7.88,57,10,30,0,1,0,44,29,19,8,7,0,0,0,0,0,0,0,0,0,0,0,0,0,0,0,2
co,2,d,1,32,51.73639,-8.624722,5731786.05,525916.05,23.49,5.77,9.18,13,19,14,0,0,0,4,7,11,76,6,0,0,0,0,0,0,0,0,1,0,0,0,0,0,0,0
co,2,d,2,32,51.73639,-8.624722,5731787.55,525914.05,31.4,5.55,11.98,9,15,11,0,1,3,3,15,4,96,21,0,0,0,0,0,0,0,0,1,0,0,0,0,0,1,0
co,2,d,3,32,51.73639,-8.624722,5731789.05,525914.05,32.58,5.74,8.48,48,33,31,0,0,0,6,37,3,267,11,3,0,0,0,0,0,0,0,0,0,0,1,0,0,0,0
co,2,d,4,32,51.73639,-8.624722,5731790.55,525916.05,NA,5.61,13.1,27,19,19,0,0,0,7,45,5,33,6,1,0,0,2,0,0,1,0,0,0,0,0,0,0,0,1
co,3,d,1,32,51.91818,-8.955555,5751938.96,503058.73,NA,5.29,11.73,14,12,5,0,16,2,11,17,1,8,8,0,1,0,1,0,0,0,1,1,0,0,0,0,0,0,0
co,3,d,2,32,51.91818,-8.955555,5751940.46,503056.73,NA,5.16,9.34,7,8,0,0,8,0,8,7,1,10,7,0,0,0,0,1,0,0,0,0,0,0,0,0,0,1,0
co,3,d,3,32,51.91818,-8.955555,5751941.96,503056.73,28.11,5.04,9.07,26,9,0,0,10,2,9,8,4,6,5,0,0,0,0,0,0,0,1,0,0,0,0,0,0,0,1
co,3,d,4,32,51.91818,-8.955555,5751943.46,503058.73,NA,5.19,8.6,85,11,3,2,75,18,15,32,4,13,14,4,0,0,4,0,0,0,2,0,0,0,0,0,0,2,1
co,4,d,1,32,52.03065,-9.079933,5764450.22,494518.3,52.53,5.45,14.99,7,34,7,0,0,0,1,7,4,8,3,1,0,0,1,0,0,0,0,0,0,0,1,0,0,0,1
co,4,d,2,32,52.03065,-9.079933,5764451.72,494516.3,50.38,5.55,14.4,5,3,10,0,0,0,0,2,1,2,54,0,0,0,1,0,0,0,0,0,0,0,0,0,0,0,2
co,4,d,3,32,52.03065,-9.079933,5764453.22,494516.3,45.63,5.84,12.15,12,23,14,0,0,1,1,5,3,18,18,0,0,1,0,0,0,0,0,0,0,0,2,0,0,0,0
co,4,d,4,32,52.03065,-9.079933,5764454.72,494518.3,NA,5.55,15.87,24,28,27,0,0,0,5,7,5,2,10,0,0,0,3,0,0,0,0,0,0,0,0,0,0,0,0
co,5,d,1,32,52.12233,-9.050161,5774645.43,496567.81,40.21,5.5,12.65,10,4,16,0,3,2,3,8,4,12,33,1,5,1,0,0,0,0,0,3,0,0,0,0,0,0,1
co,5,d,2,32,52.12233,-9.050161,5774646.93,496565.81,37.07,5.56,10.47,73,6,6,0,0,1,4,12,2,1,10,0,1,0,0,0,0,0,0,0,0,0,0,0,0,0,0
co,5,d,3,32,52.12233,-9.050161,5774648.43,496565.81,56.53,5.77,10.52,2,0,2,0,0,0,1,0,0,0,2,0,0,0,0,0,0,0,0,0,0,0,0,0,0,0,0
co,5,d,4,32,52.12233,-9.050161,5774649.93,496567.81,NA,5.96,11.8,19,3,2,0,0,0,2,3,0,2,7,0,1,1,0,0,0,0,0,0,0,0,0,0,0,0,0
du,1,d,1,32,53.595,-6.405555,5941592.26,671695.79,38.45,5.62,14.62,344,43,87,0,7,2,9,71,,9,109,0,0,0,4,0,14,0,0,1,0,0,0,0,0,0,0
du,1,d,2,32,53.595,-6.405555,5941593.76,671693.79,31.55,5.72,13.47,142,207,83,0,2,2,15,27,4,21,8,7,0,0,5,0,0,0,0,1,0,0,14,0,0,0,1
du,1,d,3,32,53.595,-6.405555,5941595.26,671693.79,40.53,5.69,12.4,15,6,1,0,0,0,5,32,2,12,9,0,0,0,3,0,0,0,0,0,0,0,4,0,0,1,0
du,1,d,4,32,53.595,-6.405555,5941596.76,671695.79,NA,5.68,14.37,35,46,45,0,2,1,3,8,5,18,3,0,0,0,3,0,0,0,0,0,0,0,8,0,0,0,0
du,2,d,1,32,53.56806,-6.416666,5938569.26,671069.43,35.79,8.6,9.82,34,7,16,0,2,0,14,10,17,23,15,1,2,0,1,0,0,0,1,0,0,0,2,0,0,0,1
du,2,d,2,32,53.56806,-6.416666,5938570.76,671067.43,21.77,5.9,10.3,22,5,17,0,2,0,3,6,10,4,4,0,0,0,2,0,0,0,0,0,0,0,2,0,0,0,0
du,2,d,3,32,53.56806,-6.416666,5938572.26,671067.43,23.62,6.28,10.34,30,6,31,0,7,0,7,7,4,110,1,0,0,0,0,0,0,0,0,1,0,0,0,0,0,1,0
du,2,d,4,32,53.56806,-6.416666,5938573.76,671069.43,NA,6.49,9.78,20,15,57,0,5,3,10,15,17,356,21,1,0,0,0,0,0,0,0,1,0,0,37,0,0,0,1
du,3,d,1,32,53.63639,-6.711666,5945500.92,651293.43,26.93,5.42,16.77,34,12,16,0,19,0,2,20,4,7,14,0,3,1,4,0,0,0,0,0,0,0,9,0,0,0,1
du,3,d,2,32,53.63639,-6.711666,5945502.42,651291.43,25.93,5.68,13.66,2,1,1,0,1,2,0,3,0,0,3,0,0,0,0,0,0,0,0,0,0,0,0,0,0,0,0
du,3,d,3,32,53.63639,-6.711666,5945503.92,651291.43,34.35,5.67,17.53,19,17,50,0,22,4,9,64,3,86,10,1,0,2,4,0,0,0,0,2,0,0,8,0,1,2,0
du,3,d,4,32,53.63639,-6.711666,5945505.42,651293.43,NA,5.71,18,70,8,26,0,2,0,3,13,0,13,1,0,2,0,2,0,0,0,0,1,0,0,0,0,0,0,3
du,4,d,1,32,53.59639,-6.726388,5941020.61,650462.46,41.84,5.85,10.28,59,15,46,0,3,21,13,69,38,8,27,6,1,1,1,0,0,1,0,3,0,0,2,0,0,2,0
du,4,d,2,32,53.59639,-6.726388,5941022.11,650460.46,41.33,5.71,11.6,58,9,29,0,1,4,3,19,11,9,23,2,0,0,11,2,0,1,0,0,0,0,0,0,0,0,0
du,4,d,3,32,53.59639,-6.726388,5941023.61,650460.46,24.03,5.74,9.72,25,5,10,0,0,0,5,12,4,9,10,3,0,0,12,0,0,0,0,2,0,0,0,0,0,0,0
du,4,d,4,32,53.59639,-6.726388,5941025.11,650462.46,NA,5.66,10.91,5,2,5,0,0,6,1,0,1,18,3,1,0,2,9,0,0,0,1,1,0,0,0,0,0,2,0
du,5,d,1,32,53.4675,-6.936666,5926260.06,636964.16,80.2,6.32,30.88,50,7,2,0,2,1,4,7,6,8,5,0,0,0,7,0,0,0,0,0,0,0,0,0,0,1,1
du,5,d,2,32,53.4675,-6.936666,5926261.56,636962.16,86.87,6.26,22.73,95,20,1,0,0,3,7,4,17,9,7,0,4,1,30,0,0,0,0,0,1,0,8,0,0,0,1
du,5,d,3,32,53.4675,-6.936666,5926263.06,636962.16,90.68,5.96,29.7,5,16,3,0,0,0,6,0,2,10,2,0,0,0,4,0,0,0,0,1,0,0,15,0,0,1,0
du,5,d,4,32,53.4675,-6.936666,5926264.56,636964.16,NA,6.77,21.3,43,23,0,0,0,1,2,16,2,2,7,0,0,2,3,0,0,0,0,1,0,0,11,0,0,6,2
li,1,d,1,32,52.8021,-8.461277,5850392.16,536320.85,46.43,5.65,11.44,12,37,13,0,0,6,4,28,12,1,4,0,0,1,3,0,0,0,0,1,0,0,0,0,0,1,1
li,1,d,2,32,52.8021,-8.461277,5850393.66,536318.85,57.19,5.67,10.34,19,44,3,0,1,0,2,20,0,3,1,0,0,0,2,0,0,0,0,1,0,0,2,0,0,1,0
li,1,d,3,32,52.8021,-8.461277,5850395.16,536318.85,42.18,5.53,11.18,40,21,9,0,2,1,4,7,3,0,6,0,0,0,4,0,0,0,0,0,0,0,0,0,0,0,3
li,1,d,4,32,52.8021,-8.461277,5850396.66,536320.85,NA,5.61,10.45,120,590,9,0,0,2,4,25,6,4,9,0,0,1,0,0,0,0,0,0,0,0,0,0,0,0,1
li,2,d,1,32,52.57833,-8.188055,5825674.51,555020.83,16.9,5.54,9.15,17,4,1,0,2,1,3,6,1,0,11,1,1,0,5,0,0,0,0,0,0,0,5,0,0,1,1
li,2,d,2,32,52.57833,-8.188055,5825676.01,555018.83,14.98,5.25,9.78,54,10,4,0,0,3,2,6,1,6,16,0,0,1,5,0,0,0,0,0,0,0,0,0,0,0,1
li,2,d,3,32,52.57833,-8.188055,5825677.51,555018.83,14.26,5.36,9.96,27,31,5,0,2,1,4,7,2,0,7,0,0,0,8,0,0,0,0,1,1,0,0,0,0,0,6
li,2,d,4,32,52.57833,-8.188055,5825679.01,555020.83,NA,5.67,11.44,10,15,3,0,4,3,5,16,2,8,4,1,0,0,2,0,0,0,1,0,0,0,0,0,0,0,0
li,3,d,1,32,52.7503,-8.354259,5844689.56,543587.27,61.64,5.39,15.83,19,37,6,0,1,2,3,13,2,4,17,2,59,0,1,0,0,0,0,0,0,0,12,0,0,0,0
li,3,d,2,32,52.7503,-8.354259,5844691.06,543585.27,41.43,5.45,16.27,23,19,6,0,0,1,0,8,17,2,3,0,1,0,0,0,0,0,0,0,0,0,2,0,0,1,0
li,3,d,3,32,52.7503,-8.354259,5844692.56,543585.27,67.23,5.6,12.95,26,9,18,0,1,5,5,21,4,0,7,0,4,0,4,0,0,0,0,0,0,0,16,0,0,1,1
li,3,d,4,32,52.7503,-8.354259,5844694.06,543587.27,NA,5.67,12.03,24,10,7,0,0,0,3,25,11,1,56,0,0,1,0,0,0,0,0,0,0,0,1,0,0,0,0
li,4,d,1,32,52.71528,-7.918055,5841147.6,573087.33,35.33,5.44,20.36,38,25,25,0,61,14,4,26,8,1,6,1,0,0,5,0,0,0,0,1,0,0,0,0,0,0,0
li,4,d,2,32,52.71528,-7.918055,5841149.1,573085.33,34,5.44,21.56,27,24,18,0,31,3,10,20,12,6,11,1,0,1,2,0,0,0,0,0,0,0,0,0,0,0,1
li,4,d,3,32,52.71528,-7.918055,5841150.6,573085.33,64.88,5.31,21.43,17,17,5,0,40,4,2,19,6,4,11,0,0,0,2,0,0,0,0,1,0,0,0,0,0,0,0
li,4,d,4,32,52.71528,-7.918055,5841152.1,573087.33,NA,5.44,17.17,13,26,10,0,9,2,0,6,11,5,13,0,0,3,1,0,0,0,0,1,0,0,0,0,0,0,0
li,5,d,1,32,52.83305,-8.235725,5853972.64,551490,37.07,5.31,12.72,21,25,31,0,2,0,5,5,6,4,7,2,1,1,1,0,0,0,0,0,0,0,2,0,0,0,0
li,5,d,2,32,52.83305,-8.235725,5853974.14,551488,45.03,5.66,10.18,27,4,14,0,0,0,5,9,25,0,8,0,0,2,1,0,0,0,0,0,0,0,2,0,0,2,1
li,5,d,3,32,52.83305,-8.235725,5853975.64,551488,38.71,5.69,11.09,11,18,68,0,0,0,7,30,9,1,7,2,3,0,1,0,0,0,0,0,0,0,3,1,0,1,0
li,5,d,4,32,52.83305,-8.235725,5853977.14,551490,NA,5.79,10.71,28,21,30,0,0,0,9,37,13,4,2,1,1,0,3,0,0,0,0,0,0,0,1,0,0,1,0
bo,1,c,1,64,54.39917,-6.609722,6030567.28,655164.39,63.33,5.55,13.89,1,3,2,0,0,1,0,1,1,1,6,0,1,0,4,0,0,0,0,0,0,0,0,0,0,0,0
bo,1,c,2,64,54.39917,-6.609722,6030568.78,655166.39,60.79,5.52,15.2,0,5,0,0,0,1,0,2,2,0,7,0,0,0,2,0,0,0,0,1,0,0,0,0,0,0,0
bo,1,c,3,64,54.39917,-6.609722,6030570.28,655166.39,63.97,5.68,12.48,0,3,0,0,0,0,0,0,0,2,5,1,0,0,0,0,0,0,0,0,0,0,0,0,0,0,8
bo,1,c,4,64,54.39917,-6.609722,6030571.78,655164.39,NA,5.79,10.58,1,0,0,0,1,2,0,0,0,0,0,0,1,0,2,0,0,0,0,0,0,0,0,0,0,2,1
bo,2,c,1,64,54.23111,-6.794444,6011481.1,643760,NA,5.75,16.33,1,1,0,0,1,0,0,1,0,0,2,0,0,0,0,0,0,0,0,0,0,0,2,0,0,1,1
bo,2,c,2,64,54.23111,-6.794444,6011482.6,643762,NA,5.74,20.51,1,0,1,0,1,5,0,2,0,2,5,0,0,0,0,0,0,0,0,0,0,0,0,0,0,0,2
bo,2,c,3,64,54.23111,-6.794444,6011484.1,643762,NA,5.79,76.29,0,2,0,0,0,6,0,2,0,3,1,0,1,1,1,0,0,0,0,0,0,0,0,0,0,0,0
bo,2,c,4,64,54.23111,-6.794444,6011485.6,643760,NA,5.9,19.48,2,0,1,0,0,1,0,1,1,5,0,0,0,0,0,0,0,0,0,0,0,0,0,0,0,0,0
bo,3,c,1,64,54.26472,-6.491666,6015878.55,663358.67,61.42,5.55,13.32,2,12,1,0,0,0,1,13,0,1,4,0,0,1,3,0,0,0,0,0,0,0,0,0,0,1,1
bo,3,c,2,64,54.26472,-6.491666,6015880.05,663360.67,71.29,5.75,13.72,8,5,0,0,0,0,0,3,0,0,3,0,0,0,3,0,0,0,0,0,0,0,0,0,0,0,0
bo,3,c,3,64,54.26472,-6.491666,6015881.55,663360.67,69.38,5.67,13.78,8,7,1,1,0,0,0,1,0,1,30,0,0,1,5,0,0,0,0,0,0,0,0,0,0,2,0
bo,3,c,4,64,54.26472,-6.491666,6015883.05,663358.67,NA,5.82,12.55,16,9,0,0,0,0,5,3,0,1,2,2,1,0,6,0,0,0,0,0,0,0,2,0,0,3,0
bo,4,c,1,64,54.19444,-6.488611,6008068.31,663835.78,NA,5.86,25.25,2,1,0,0,3,27,1,2,0,0,2,0,0,1,1,0,0,1,0,0,0,0,0,0,0,3,1
bo,4,c,2,64,54.19444,-6.488611,6008069.81,663837.78,NA,5.88,29.05,1,3,1,0,1,13,0,0,0,0,5,0,0,0,0,0,0,0,0,0,0,0,0,0,0,1,0
bo,4,c,3,64,54.19444,-6.488611,6008071.31,663837.78,NA,5.95,29.37,1,3,0,0,1,6,0,0,0,0,1,0,0,0,0,0,0,0,0,0,0,0,0,0,0,0,2
bo,4,c,4,64,54.19444,-6.488611,6008072.81,663835.78,NA,5.88,24.85,3,0,0,0,0,8,0,2,0,0,1,0,1,0,0,0,0,0,0,1,0,0,0,0,0,0,0
bo,5,c,1,64,54.15833,-7.004722,6002977.03,630284.5,72.18,5.33,13.37,1,0,1,0,0,1,2,1,0,0,1,0,0,0,0,0,0,0,0,0,0,0,1,0,0,0,0
bo,5,c,2,64,54.15833,-7.004722,6002978.53,630286.5,84.83,5.51,14.51,4,2,2,0,0,0,1,0,0,2,2,0,0,1,0,0,0,0,0,0,0,0,0,0,0,0,0
bo,5,c,3,64,54.15833,-7.004722,6002980.03,630286.5,77.08,5.7,13.4,1,1,0,0,0,1,0,0,0,0,0,0,1,0,0,0,0,0,0,0,0,0,0,0,0,1,1
bo,5,c,4,64,54.15833,-7.004722,6002981.53,630284.5,NA,5.61,11.73,4,3,2,0,1,1,0,0,0,0,0,0,0,0,0,0,0,0,0,0,0,0,0,0,0,0,0
co,1,c,1,64,51.76111,-8.460833,5734606.25,537210.68,45.96,5.8,8.32,2,0,1,0,0,0,2,4,1,2,3,0,0,0,0,0,0,0,0,0,0,0,0,0,0,0,1
co,1,c,2,64,51.76111,-8.460833,5734607.75,537212.68,54.7,5.74,7.06,2,2,0,0,0,0,3,1,0,8,1,0,0,0,3,0,0,0,0,0,0,0,0,0,0,1,1
co,1,c,3,64,51.76111,-8.460833,5734609.25,537212.68,58.63,5.66,8.48,5,1,0,0,1,0,2,3,1,0,1,0,0,0,0,0,0,0,0,0,0,0,0,0,0,0,0
co,1,c,4,64,51.76111,-8.460833,5734610.75,537210.68,NA,6.23,8.53,2,0,0,0,0,0,2,2,0,4,0,0,0,0,0,0,0,0,0,0,0,0,0,0,0,0,0
co,2,c,1,64,51.73639,-8.624722,5731786.05,525914.05,NA,5.52,9.49,19,3,3,0,1,0,2,6,0,6,0,0,0,1,1,0,0,0,0,0,0,0,0,0,0,0,0
co,2,c,2,64,51.73639,-8.624722,5731787.55,525916.05,31.61,5.84,10.06,0,1,0,0,0,0,2,3,0,5,1,1,0,1,0,0,0,0,0,0,0,0,0,0,0,0,0
co,2,c,3,64,51.73639,-8.624722,5731789.05,525916.05,38.75,5.83,13.97,19,1,0,0,0,1,1,9,0,6,1,1,0,0,0,0,0,0,0,0,0,0,0,0,0,1,0
co,2,c,4,64,51.73639,-8.624722,5731790.55,525914.05,NA,5.84,12.57,4,0,1,0,0,0,2,9,0,3,0,0,0,0,1,0,0,0,0,0,0,0,0,0,0,1,0
co,3,c,1,64,51.91818,-8.955555,5751938.96,503056.73,NA,5,8.53,1,2,0,0,8,1,2,0,0,1,1,0,0,0,0,0,0,0,0,0,0,0,0,0,0,0,0
co,3,c,2,64,51.91818,-8.955555,5751940.46,503058.73,NA,5.1,6.29,2,2,0,0,5,2,0,4,0,0,5,1,4,0,3,0,0,0,0,0,0,0,0,0,0,0,0
co,3,c,3,64,51.91818,-8.955555,5751941.96,503058.73,NA,5.43,7.5,1,1,1,0,11,3,9,0,1,0,2,1,0,0,0,0,0,0,0,0,0,0,0,0,0,0,0
co,3,c,4,64,51.91818,-8.955555,5751943.46,503056.73,NA,5.2,6.59,1,21,0,0,8,7,20,2,0,0,11,1,2,3,5,0,0,0,0,1,0,0,0,0,0,0,0
co,4,c,1,64,52.03065,-9.079933,5764450.22,494516.3,NA,NA,NA,NA,NA,NA,NA,NA,NA,NA,NA,NA,NA,NA,NA,NA,NA,NA,NA,NA,NA,NA,NA,NA,NA,NA,NA,NA,NA,NA
co,4,c,2,64,52.03065,-9.079933,5764451.72,494518.3,NA,NA,NA,NA,NA,NA,NA,NA,NA,NA,NA,NA,NA,NA,NA,NA,NA,NA,NA,NA,NA,NA,NA,NA,NA,NA,NA,NA,NA,NA
co,4,c,3,64,52.03065,-9.079933,5764453.22,494518.3,NA,NA,NA,NA,NA,NA,NA,NA,NA,NA,NA,NA,NA,NA,NA,NA,NA,NA,NA,NA,NA,NA,NA,NA,NA,NA,NA,NA,NA,NA
co,4,c,4,64,52.03065,-9.079933,5764454.72,494516.3,NA,NA,NA,NA,NA,NA,NA,NA,NA,NA,NA,NA,NA,NA,NA,NA,NA,NA,NA,NA,NA,NA,NA,NA,NA,NA,NA,NA,NA,NA
co,5,c,1,64,52.12233,-9.050161,5774645.43,496565.81,NA,NA,NA,NA,NA,NA,NA,NA,NA,NA,NA,NA,NA,NA,NA,NA,NA,NA,NA,NA,NA,NA,NA,NA,NA,NA,NA,NA,NA,NA
co,5,c,2,64,52.12233,-9.050161,5774646.93,496567.81,NA,NA,NA,NA,NA,NA,NA,NA,NA,NA,NA,NA,NA,NA,NA,NA,NA,NA,NA,NA,NA,NA,NA,NA,NA,NA,NA,NA,NA,NA
co,5,c,3,64,52.12233,-9.050161,5774648.43,496567.81,NA,NA,NA,NA,NA,NA,NA,NA,NA,NA,NA,NA,NA,NA,NA,NA,NA,NA,NA,NA,NA,NA,NA,NA,NA,NA,NA,NA,NA,NA
co,5,c,4,64,52.12233,-9.050161,5774649.93,496565.81,NA,NA,NA,NA,NA,NA,NA,NA,NA,NA,NA,NA,NA,NA,NA,NA,NA,NA,NA,NA,NA,NA,NA,NA,NA,NA,NA,NA,NA,NA
du,1,c,1,64,53.595,-6.405555,5941592.26,671693.79,61.51,5.52,7.89,34,15,3,0,0,1,0,5,0,3,1,0,0,0,2,0,0,0,0,0,0,0,1,0,0,1,0
du,1,c,2,64,53.595,-6.405555,5941593.76,671695.79,49.46,6.33,10.4,5,0,1,0,0,1,4,4,0,4,1,0,0,1,0,0,0,0,0,0,0,0,1,0,0,3,0
du,1,c,3,64,53.595,-6.405555,5941595.26,671695.79,52.47,7.62,9.8,29,6,5,0,7,5,5,11,0,3,3,0,0,3,0,0,0,1,0,1,0,0,1,0,0,1,0
du,1,c,4,64,53.595,-6.405555,5941596.76,671693.79,NA,7.99,8.78,9,2,3,0,6,4,3,4,2,5,3,0,0,5,1,0,0,0,0,0,0,0,1,0,0,6,1
du,2,c,1,64,53.56806,-6.416666,5938569.26,671067.43,49.17,5.83,11.29,2,1,0,0,0,1,1,2,0,1,0,0,0,2,1,0,0,0,0,0,0,0,1,0,0,0,1
du,2,c,2,64,53.56806,-6.416666,5938570.76,671069.43,49.84,5.74,9.92,10,0,3,0,2,0,0,11,0,0,4,0,0,4,0,0,0,0,0,1,0,0,0,0,0,2,0
du,2,c,3,64,53.56806,-6.416666,5938572.26,671069.43,43.83,5.9,10.56,1,2,6,0,1,0,1,1,0,0,6,0,1,0,0,0,0,0,0,0,0,0,0,0,0,0,1
du,2,c,4,64,53.56806,-6.416666,5938573.76,671067.43,NA,5.76,10.81,2,0,1,0,6,2,0,11,0,0,2,0,6,0,2,0,0,0,0,0,0,0,0,0,0,0,0
du,3,c,1,64,53.63639,-6.711666,5945500.92,651291.43,63.5,5.73,10.98,0,2,2,0,1,0,0,0,0,0,1,0,0,0,2,0,0,0,0,0,0,0,0,0,0,0,0
du,3,c,2,64,53.63639,-6.711666,5945502.42,651293.43,61.07,5.74,12.1,1,0,0,0,1,2,0,1,0,0,1,0,0,0,4,0,0,0,0,0,0,0,0,0,0,0,1
du,3,c,3,64,53.63639,-6.711666,5945503.92,651293.43,59.48,5.7,13.27,0,1,10,0,0,1,1,2,0,1,0,1,0,0,5,0,0,0,0,0,0,0,0,0,0,0,0
du,3,c,4,64,53.63639,-6.711666,5945505.42,651291.43,NA,5.79,11.31,1,2,0,0,2,0,0,2,1,1,0,0,1,0,1,0,0,0,0,0,0,0,0,0,0,0,0
du,4,c,1,64,53.59639,-6.726388,5941020.61,650460.46,60.55,5.97,10.16,12,0,3,0,0,0,3,8,2,2,2,1,1,0,0,0,0,0,0,0,0,0,2,0,0,0,2
du,4,c,2,64,53.59639,-6.726388,5941022.11,650462.46,65.05,5.72,9.72,8,2,0,0,0,1,2,9,1,1,1,0,0,0,1,0,0,0,0,0,0,0,1,0,0,0,3
du,4,c,3,64,53.59639,-6.726388,5941023.61,650462.46,60.64,6.11,10.1,3,1,0,0,0,0,1,1,0,3,0,0,1,2,3,0,0,0,0,0,0,0,1,0,0,0,1
du,4,c,4,64,53.59639,-6.726388,5941025.11,650460.46,NA,6.15,9.58,5,2,0,0,0,3,1,1,0,0,2,0,0,1,0,0,0,0,0,0,0,0,0,0,0,0,1
du,5,c,1,64,53.4675,-6.936666,5926260.06,636962.16,NA,6.11,27.02,2,3,0,0,0,0,0,0,0,0,1,0,0,1,0,0,0,0,0,0,0,0,0,0,0,0,0
du,5,c,2,64,53.4675,-6.936666,5926261.56,636964.16,NA,6,26,0,4,0,0,0,0,0,2,0,2,1,0,0,0,0,0,0,0,0,0,0,0,0,0,0,0,0
du,5,c,3,64,53.4675,-6.936666,5926263.06,636964.16,NA,6.08,28.03,1,1,0,0,0,0,0,1,0,0,0,0,0,0,1,0,0,0,0,0,0,0,0,0,0,0,0
du,5,c,4,64,53.4675,-6.936666,5926264.56,636962.16,NA,6.71,17.62,4,3,0,0,0,1,1,1,0,4,1,0,0,1,0,0,0,0,0,0,0,0,0,0,0,0,0
li,1,c,1,64,52.8021,-8.461277,5850392.16,536318.85,59.8,5.87,10.71,14,7,2,0,0,3,4,9,0,1,0,1,0,2,6,0,0,0,0,0,0,0,2,0,0,0,1
li,1,c,2,64,52.8021,-8.461277,5850393.66,536320.85,68.19,5.9,12.2,3,1,2,0,0,2,1,4,0,1,0,0,0,0,4,0,0,0,0,0,0,0,0,0,0,0,0
li,1,c,3,64,52.8021,-8.461277,5850395.16,536320.85,64.11,6.24,9.16,3,6,2,0,0,0,1,2,0,2,0,0,1,0,0,0,0,0,0,0,0,0,0,0,0,0,0
li,1,c,4,64,52.8021,-8.461277,5850396.66,536318.85,NA,5.71,10.54,2,5,0,0,0,0,0,0,0,1,1,0,0,6,0,0,0,0,0,0,0,0,0,0,0,0,0
li,2,c,1,64,52.57833,-8.188055,5825674.51,555018.83,NA,NA,NA,NA,NA,NA,NA,NA,NA,NA,NA,NA,NA,NA,NA,NA,NA,NA,NA,NA,NA,NA,NA,NA,NA,NA,NA,NA,NA,NA
li,2,c,2,64,52.57833,-8.188055,5825676.01,555020.83,NA,NA,NA,NA,NA,NA,NA,NA,NA,NA,NA,NA,NA,NA,NA,NA,NA,NA,NA,NA,NA,NA,NA,NA,NA,NA,NA,NA,NA,NA
li,2,c,3,64,52.57833,-8.188055,5825677.51,555020.83,NA,NA,NA,NA,NA,NA,NA,NA,NA,NA,NA,NA,NA,NA,NA,NA,NA,NA,NA,NA,NA,NA,NA,NA,NA,NA,NA,NA,NA,NA
li,2,c,4,64,52.57833,-8.188055,5825679.01,555018.83,NA,NA,NA,NA,NA,NA,NA,NA,NA,NA,NA,NA,NA,NA,NA,NA,NA,NA,NA,NA,NA,NA,NA,NA,NA,NA,NA,NA,NA,NA
li,3,c,1,64,52.7503,-8.354259,5844689.56,543585.27,73.06,5.94,12.43,6,3,2,0,0,4,2,5,0,4,4,0,0,0,0,0,0,0,0,0,0,0,1,0,0,0,1
li,3,c,2,64,52.7503,-8.354259,5844691.06,543587.27,61.87,5.86,12.72,2,1,1,0,0,2,0,2,1,0,5,0,0,0,2,0,0,0,0,0,0,0,1,0,0,0,0
li,3,c,3,64,52.7503,-8.354259,5844692.56,543587.27,69.75,6.05,11.16,5,6,0,0,0,0,0,3,0,1,5,0,0,0,4,0,0,0,0,0,1,0,0,0,0,0,1
li,3,c,4,64,52.7503,-8.354259,5844694.06,543585.27,NA,5.42,9,4,2,0,0,0,2,0,1,0,0,12,0,0,1,1,0,0,0,0,0,0,0,1,0,0,0,1
li,4,c,1,64,52.71528,-7.918055,5841147.6,573085.33,NA,NA,NA,NA,NA,NA,NA,NA,NA,NA,NA,NA,NA,NA,NA,NA,NA,NA,NA,NA,NA,NA,NA,NA,NA,NA,NA,NA,NA,NA
li,4,c,2,64,52.71528,-7.918055,5841149.1,573087.33,NA,NA,NA,NA,NA,NA,NA,NA,NA,NA,NA,NA,NA,NA,NA,NA,NA,NA,NA,NA,NA,NA,NA,NA,NA,NA,NA,NA,NA,NA
li,4,c,3,64,52.71528,-7.918055,5841150.6,573087.33,NA,NA,NA,NA,NA,NA,NA,NA,NA,NA,NA,NA,NA,NA,NA,NA,NA,NA,NA,NA,NA,NA,NA,NA,NA,NA,NA,NA,NA,NA
li,4,c,4,64,52.71528,-7.918055,5841152.1,573085.33,NA,NA,NA,NA,NA,NA,NA,NA,NA,NA,NA,NA,NA,NA,NA,NA,NA,NA,NA,NA,NA,NA,NA,NA,NA,NA,NA,NA,NA,NA
li,5,c,1,64,52.83305,-8.235725,5853972.64,551488,49.16,5.56,7.72,1,4,4,0,0,0,0,1,0,0,2,0,0,3,0,0,0,0,0,0,0,0,0,0,0,0,0
li,5,c,2,64,52.83305,-8.235725,5853974.14,551490,40.01,5.77,8.07,2,3,1,0,0,0,0,0,0,1,7,0,0,2,0,0,0,0,0,0,0,0,0,0,0,0,0
li,5,c,3,64,52.83305,-8.235725,5853975.64,551490,45.91,6.09,7.97,0,1,2,0,0,0,3,0,0,0,0,0,1,1,0,0,0,0,0,0,0,0,0,0,0,0,0
li,5,c,4,64,52.83305,-8.235725,5853977.14,551488,NA,5.91,11.02,2,5,3,0,0,0,3,7,0,1,5,2,1,1,0,0,0,0,0,1,0,0,1,0,0,0,1
bo,1,d,1,64,54.39917,-6.609722,6030567.28,655166.39,57.25,5.41,12.7,0,8,4,0,2,0,0,1,2,0,2,0,2,0,8,0,0,0,0,0,0,0,0,0,0,1,0
bo,1,d,2,64,54.39917,-6.609722,6030568.78,655164.39,49.71,5.52,12.94,0,4,1,0,0,1,0,1,1,0,2,0,0,1,4,0,0,0,0,0,0,0,0,0,0,0,0
bo,1,d,3,64,54.39917,-6.609722,6030570.28,655164.39,35.05,5.3,11.2,0,9,2,0,1,0,0,0,0,3,1,0,0,1,4,0,0,0,0,0,0,0,5,0,0,1,0
bo,1,d,4,64,54.39917,-6.609722,6030571.78,655166.39,NA,5.55,14.09,0,0,0,0,8,2,1,2,2,0,11,0,0,1,1,0,0,0,0,0,0,0,0,0,0,0,1
bo,2,d,1,64,54.23111,-6.794444,6011481.1,643762,NA,5.51,13.57,1,0,0,0,0,0,0,0,0,0,0,0,0,0,1,0,0,0,0,0,0,0,1,0,0,0,0
bo,2,d,2,64,54.23111,-6.794444,6011482.6,643760,NA,5.66,19.33,1,1,0,0,0,0,0,3,0,5,18,0,1,0,4,0,0,0,0,0,0,0,2,0,0,1,0
bo,2,d,3,64,54.23111,-6.794444,6011484.1,643760,NA,5.76,17.23,2,1,0,0,0,1,0,4,0,7,1,0,1,0,3,0,0,0,0,0,0,0,3,0,0,1,1
bo,2,d,4,64,54.23111,-6.794444,6011485.6,643762,NA,5.84,17.32,4,1,0,0,0,2,0,2,0,0,3,0,1,1,1,0,0,0,0,0,0,0,0,0,0,1,0
bo,3,d,1,64,54.26472,-6.491666,6015878.55,663360.67,67.02,5.68,11.83,7,6,5,0,0,0,4,8,2,12,7,0,0,0,10,0,0,0,0,0,0,0,0,0,0,0,0
bo,3,d,2,64,54.26472,-6.491666,6015880.05,663358.67,57.68,5.5,9.98,2,10,0,0,3,0,1,3,1,1,5,0,0,0,4,0,0,0,0,0,0,0,0,0,1,1,0
bo,3,d,3,64,54.26472,-6.491666,6015881.55,663358.67,66.69,5.68,12,12,9,1,0,6,0,4,8,0,9,1,1,1,1,2,0,0,0,0,0,0,0,1,0,0,1,0
bo,3,d,4,64,54.26472,-6.491666,6015883.05,663360.67,NA,5.74,12.72,11,15,1,0,1,0,1,8,0,1,3,0,0,0,8,0,0,0,0,0,0,0,1,0,0,0,1
bo,4,d,1,64,54.19444,-6.488611,6008068.31,663837.78,NA,5.8,22.07,0,0,0,0,2,14,0,1,0,3,0,0,0,0,1,0,0,0,0,0,0,0,0,0,0,0,0
bo,4,d,2,64,54.19444,-6.488611,6008069.81,663835.78,NA,5.92,27.29,3,2,0,0,0,4,0,0,0,1,3,0,0,1,0,0,0,0,0,0,0,0,0,0,0,1,0
bo,4,d,3,64,54.19444,-6.488611,6008071.31,663835.78,NA,5.92,27.35,0,0,1,0,0,9,1,0,0,1,4,0,1,1,0,0,0,0,0,0,0,0,0,0,0,1,1
bo,4,d,4,64,54.19444,-6.488611,6008072.81,663837.78,NA,5.92,25.89,3,1,1,0,7,21,5,0,0,0,5,0,0,2,1,0,0,0,0,0,0,0,0,0,0,2,1
bo,5,d,1,64,54.15833,-7.004722,6002977.03,630286.5,62.19,5.42,16.37,2,8,5,0,4,2,0,1,0,1,4,0,1,0,1,0,0,0,0,0,0,0,0,0,0,0,2
bo,5,d,2,64,54.15833,-7.004722,6002978.53,630284.5,50.63,5.34,19.09,5,16,12,0,2,7,1,0,0,1,2,0,0,0,1,0,0,0,0,0,0,0,0,0,0,0,1
bo,5,d,3,64,54.15833,-7.004722,6002980.03,630284.5,57.42,5.58,20.36,3,0,4,0,0,1,1,0,0,3,6,0,0,0,1,0,0,0,0,0,0,0,0,0,0,0,0
bo,5,d,4,64,54.15833,-7.004722,6002981.53,630286.5,NA,5.76,28.83,1,5,11,0,1,2,7,7,1,0,2,0,0,0,0,0,0,0,0,1,0,0,0,0,0,2,2
co,1,d,1,64,51.76111,-8.460833,5734606.25,537212.68,55.15,5.96,7.6,0,0,1,0,0,0,0,4,0,1,6,0,0,0,0,0,0,0,0,0,0,0,0,0,0,0,0
co,1,d,2,64,51.76111,-8.460833,5734607.75,537210.68,46.63,5.96,7.5,1,0,0,0,0,0,1,1,0,7,2,0,0,0,0,0,0,0,0,0,0,0,0,0,0,0,0
co,1,d,3,64,51.76111,-8.460833,5734609.25,537210.68,51.38,5.88,7.3,0,0,0,0,0,0,3,1,1,3,1,0,0,0,1,0,0,0,0,0,0,0,0,0,0,0,1
co,1,d,4,64,51.76111,-8.460833,5734610.75,537212.68,NA,5.78,8.98,4,0,0,0,0,0,0,3,0,0,0,0,0,0,0,0,0,0,0,0,0,0,0,0,0,0,0
co,2,d,1,64,51.73639,-8.624722,5731786.05,525916.05,40.62,5.99,8.86,6,2,0,0,0,0,2,6,0,2,1,1,0,0,0,0,0,0,0,0,0,0,0,0,0,0,0
co,2,d,2,64,51.73639,-8.624722,5731787.55,525914.05,49.19,5.93,11.95,16,6,2,0,0,0,1,33,0,10,2,4,0,0,3,0,0,0,0,0,0,0,0,0,0,0,0
co,2,d,3,64,51.73639,-8.624722,5731789.05,525914.05,54.19,5.77,13.92,4,11,1,0,0,0,2,32,1,16,6,0,0,0,0,0,0,0,0,0,0,0,0,0,0,4,0
co,2,d,4,64,51.73639,-8.624722,5731790.55,525916.05,NA,NA,NA,NA,NA,NA,NA,NA,NA,NA,NA,NA,NA,NA,NA,NA,NA,NA,NA,NA,NA,NA,NA,NA,NA,NA,0,NA,NA,NA
co,3,d,1,64,51.91818,-8.955555,5751938.96,503058.73,NA,5.31,7.17,0,3,0,0,1,0,1,0,0,1,4,0,0,1,1,0,0,0,0,0,0,0,0,0,0,0,0
co,3,d,2,64,51.91818,-8.955555,5751940.46,503056.73,NA,5.12,8.6,11,5,0,0,79,11,5,7,1,4,7,3,1,1,3,1,0,0,0,0,0,0,0,0,0,1,1
co,3,d,3,64,51.91818,-8.955555,5751941.96,503056.73,39.09,5.17,7.5,2,2,0,0,6,1,0,0,0,1,0,0,0,0,2,0,0,0,0,0,0,0,0,0,0,0,0
co,3,d,4,64,51.91818,-8.955555,5751943.46,503058.73,NA,5.35,7.52,1,11,0,0,21,5,1,4,1,3,0,0,0,2,3,0,0,0,0,0,0,0,0,0,0,0,0
co,4,d,1,64,52.03065,-9.079933,5764450.22,494518.3,NA,NA,NA,NA,NA,NA,NA,NA,NA,NA,NA,NA,NA,NA,NA,NA,NA,NA,NA,NA,NA,NA,NA,NA,NA,NA,NA,NA,NA,NA
co,4,d,2,64,52.03065,-9.079933,5764451.72,494516.3,NA,NA,NA,NA,NA,NA,NA,NA,NA,NA,NA,NA,NA,NA,NA,NA,NA,NA,NA,NA,NA,NA,NA,NA,NA,NA,NA,NA,NA,NA
co,4,d,3,64,52.03065,-9.079933,5764453.22,494516.3,NA,NA,NA,NA,NA,NA,NA,NA,NA,NA,NA,NA,NA,NA,NA,NA,NA,NA,NA,NA,NA,NA,NA,NA,NA,NA,NA,NA,NA,NA
co,4,d,4,64,52.03065,-9.079933,5764454.72,494518.3,NA,NA,NA,NA,NA,NA,NA,NA,NA,NA,NA,NA,NA,NA,NA,NA,NA,NA,NA,NA,NA,NA,NA,NA,NA,NA,NA,NA,NA,NA
co,5,d,1,64,52.12233,-9.050161,5774645.43,496567.81,NA,NA,NA,NA,NA,NA,NA,NA,NA,NA,NA,NA,NA,NA,NA,NA,NA,NA,NA,NA,NA,NA,NA,NA,NA,NA,NA,NA,NA,NA
co,5,d,2,64,52.12233,-9.050161,5774646.93,496565.81,NA,NA,NA,NA,NA,NA,NA,NA,NA,NA,NA,NA,NA,NA,NA,NA,NA,NA,NA,NA,NA,NA,NA,NA,NA,NA,NA,NA,NA,NA
co,5,d,3,64,52.12233,-9.050161,5774648.43,496565.81,NA,NA,NA,NA,NA,NA,NA,NA,NA,NA,NA,NA,NA,NA,NA,NA,NA,NA,NA,NA,NA,NA,NA,NA,NA,NA,NA,NA,NA,NA
co,5,d,4,64,52.12233,-9.050161,5774649.93,496567.81,NA,NA,NA,NA,NA,NA,NA,NA,NA,NA,NA,NA,NA,NA,NA,NA,NA,NA,NA,NA,NA,NA,NA,NA,NA,NA,NA,NA,NA,NA
du,1,d,1,64,53.595,-6.405555,5941592.26,671695.79,48.18,6.15,11.07,21,4,6,0,2,0,8,9,0,15,2,0,0,1,1,0,0,0,0,0,0,0,13,0,0,1,0
du,1,d,2,64,53.595,-6.405555,5941593.76,671693.79,45.42,6.74,10.6,16,6,9,0,0,0,5,5,0,21,0,1,0,0,2,0,0,0,0,0,0,0,3,0,0,3,0
du,1,d,3,64,53.595,-6.405555,5941595.26,671693.79,46.92,5.83,9.27,15,1,5,0,4,2,3,5,0,5,11,0,0,0,2,0,0,0,0,0,0,0,1,0,0,1,0
du,1,d,4,64,53.595,-6.405555,5941596.76,671695.79,NA,6.24,10.96,33,10,0,0,0,1,1,11,0,1,1,0,0,0,1,0,0,0,0,0,0,0,0,0,0,0,0
du,2,d,1,64,53.56806,-6.416666,5938569.26,671069.43,48.81,5.52,10.14,0,1,0,0,1,0,2,2,0,1,1,0,0,0,2,0,0,0,0,0,0,0,0,0,0,0,0
du,2,d,2,64,53.56806,-6.416666,5938570.76,671067.43,NA,5.77,9.65,0,0,2,0,1,1,2,1,1,1,3,0,0,1,3,0,0,0,0,0,0,0,1,0,0,1,2
du,2,d,3,64,53.56806,-6.416666,5938572.26,671067.43,45.93,5.93,11.09,4,1,2,0,6,1,2,2,0,4,6,0,0,0,0,0,0,0,0,1,0,0,0,0,0,1,0
du,2,d,4,64,53.56806,-6.416666,5938573.76,671069.43,NA,5.75,8.06,5,4,6,0,1,0,0,2,0,6,0,0,0,0,2,0,0,0,0,0,0,0,1,0,1,0,0
du,3,d,1,64,53.63639,-6.711666,5945500.92,651293.43,47.98,5.71,12.38,1,2,7,0,8,0,2,8,0,3,4,0,0,0,3,0,0,0,0,0,0,0,1,0,0,0,0
du,3,d,2,64,53.63639,-6.711666,5945502.42,651291.43,50.15,5.79,10.5,1,0,1,0,8,3,3,6,0,2,2,0,0,0,3,0,0,0,0,0,0,0,0,0,0,0,0
du,3,d,3,64,53.63639,-6.711666,5945503.92,651291.43,46.62,5.73,16.37,1,1,6,0,2,1,5,3,0,5,1,0,0,0,3,0,0,0,0,0,0,0,0,0,0,0,2
du,3,d,4,64,53.63639,-6.711666,5945505.42,651293.43,NA,5.76,14.85,0,2,4,0,3,2,5,3,0,5,4,0,1,1,1,0,0,0,0,0,0,0,0,0,0,0,0
du,4,d,1,64,53.59639,-6.726388,5941020.61,650462.46,57.4,5.8,10.4,2,1,1,0,0,4,2,2,0,0,1,1,0,0,3,0,0,0,0,0,0,0,1,0,0,1,0
du,4,d,2,64,53.59639,-6.726388,5941022.11,650460.46,58.74,5.63,11.73,2,3,1,0,0,0,1,5,0,1,1,0,0,0,1,0,0,0,0,0,0,0,3,0,0,0,0
du,4,d,3,64,53.59639,-6.726388,5941023.61,650460.46,47.3,5.88,9.15,0,4,0,0,0,0,0,0,1,1,3,0,0,0,1,0,0,0,0,0,0,0,0,0,0,0,0
du,4,d,4,64,53.59639,-6.726388,5941025.11,650462.46,NA,5.54,10.34,3,0,0,0,0,0,0,0,0,1,5,0,0,0,1,0,0,0,0,0,0,0,0,0,0,1,0
du,5,d,1,64,53.4675,-6.936666,5926260.06,636964.16,NA,6.3,23.9,0,4,0,0,0,0,1,1,0,1,1,0,0,1,2,0,0,0,0,0,0,0,1,0,0,0,0
du,5,d,2,64,53.4675,-6.936666,5926261.56,636962.16,NA,6.14,31.87,3,0,0,0,0,0,1,0,0,2,0,0,0,0,1,0,0,0,0,1,0,0,0,0,0,0,0
du,5,d,3,64,53.4675,-6.936666,5926263.06,636962.16,NA,6.6,15.31,2,5,0,0,0,2,1,0,0,1,1,0,1,0,2,0,0,0,0,1,0,0,0,0,0,0,0
du,5,d,4,64,53.4675,-6.936666,5926264.56,636964.16,NA,6.88,21.58,7,9,0,0,0,1,0,1,4,2,1,1,0,0,0,0,0,0,0,0,0,0,12,0,0,0,0
li,1,d,1,64,52.8021,-8.461277,5850392.16,536320.85,54.24,5.72,9.65,0,3,0,0,0,3,2,0,0,0,1,0,0,0,3,0,0,0,0,0,0,0,1,0,0,0,1
li,1,d,2,64,52.8021,-8.461277,5850393.66,536318.85,NA,5.84,7.8,1,2,0,0,0,2,2,1,0,0,0,0,0,0,0,0,0,0,0,0,0,0,0,0,0,0,0
li,1,d,3,64,52.8021,-8.461277,5850395.16,536318.85,47.37,5.87,9.72,4,4,4,0,0,1,1,2,0,0,1,0,0,0,0,0,0,0,0,0,0,0,0,0,0,0,1
li,1,d,4,64,52.8021,-8.461277,5850396.66,536320.85,NA,5.79,11.71,3,1,1,0,1,3,2,1,0,1,2,0,0,0,1,0,0,0,0,0,0,0,0,0,0,0,1
li,2,d,1,64,52.57833,-8.188055,5825674.51,555020.83,NA,NA,NA,NA,NA,NA,NA,NA,NA,NA,NA,NA,NA,NA,NA,NA,NA,NA,NA,NA,NA,NA,NA,NA,NA,NA,NA,NA,NA,NA
li,2,d,2,64,52.57833,-8.188055,5825676.01,555018.83,NA,NA,NA,NA,NA,NA,NA,NA,NA,NA,NA,NA,NA,NA,NA,NA,NA,NA,NA,NA,NA,NA,NA,NA,NA,NA,NA,NA,NA,NA
li,2,d,3,64,52.57833,-8.188055,5825677.51,555018.83,NA,NA,NA,NA,NA,NA,NA,NA,NA,NA,NA,NA,NA,NA,NA,NA,NA,NA,NA,NA,NA,NA,NA,NA,NA,NA,NA,NA,NA,NA
li,2,d,4,64,52.57833,-8.188055,5825679.01,555020.83,NA,NA,NA,NA,NA,NA,NA,NA,NA,NA,NA,NA,NA,NA,NA,NA,NA,NA,NA,NA,NA,NA,NA,NA,NA,NA,NA,NA,NA,NA
li,3,d,1,64,52.7503,-8.354259,5844689.56,543587.27,65.46,5.73,9.78,6,6,2,0,0,2,1,5,0,3,11,0,0,0,6,0,0,0,0,1,0,0,0,0,0,0,2
li,3,d,2,64,52.7503,-8.354259,5844691.06,543585.27,52.49,5.87,11.58,2,11,3,0,0,0,1,2,0,2,6,1,1,3,2,0,0,0,0,0,0,0,0,0,0,1,1
li,3,d,3,64,52.7503,-8.354259,5844692.56,543585.27,69.57,5.85,11.51,4,1,0,0,0,2,2,2,0,0,5,1,2,0,1,0,0,0,0,0,0,0,0,0,0,0,0
li,3,d,4,64,52.7503,-8.354259,5844694.06,543587.27,NA,5.84,10.36,1,2,2,0,0,2,1,2,0,0,61,1,0,0,1,0,0,0,0,0,0,0,0,0,0,0,1
li,4,d,1,64,52.71528,-7.918055,5841147.6,573087.33,NA,NA,NA,NA,NA,NA,NA,NA,NA,NA,NA,NA,NA,NA,NA,NA,NA,NA,NA,NA,NA,NA,NA,NA,NA,NA,NA,NA,NA,NA
li,4,d,2,64,52.71528,-7.918055,5841149.1,573085.33,NA,NA,NA,NA,NA,NA,NA,NA,NA,NA,NA,NA,NA,NA,NA,NA,NA,NA,NA,NA,NA,NA,NA,NA,NA,NA,NA,NA,NA,NA
li,4,d,3,64,52.71528,-7.918055,5841150.6,573085.33,NA,NA,NA,NA,NA,NA,NA,NA,NA,NA,NA,NA,NA,NA,NA,NA,NA,NA,NA,NA,NA,NA,NA,NA,NA,NA,NA,NA,NA,NA
li,4,d,4,64,52.71528,-7.918055,5841152.1,573087.33,NA,NA,NA,NA,NA,NA,NA,NA,NA,NA,NA,NA,NA,NA,NA,NA,NA,NA,NA,NA,NA,NA,NA,NA,NA,NA,NA,NA,NA,NA
li,5,d,1,64,52.83305,-8.235725,5853972.64,551490,48.54,5.4,10.8,0,6,3,0,0,0,1,7,0,3,5,1,0,1,3,0,0,0,0,0,0,0,0,0,0,0,1
li,5,d,2,64,52.83305,-8.235725,5853974.14,551488,50.34,5.74,7.68,0,0,1,0,0,0,5,0,0,1,0,0,0,0,0,0,0,0,0,0,0,0,0,0,0,0,0
li,5,d,3,64,52.83305,-8.235725,5853975.64,551488,43.65,5.87,8.51,2,10,2,0,0,0,4,0,1,5,1,0,1,0,3,0,0,0,0,0,0,0,0,0,0,0,0
li,5,d,4,64,52.83305,-8.235725,5853977.14,551490,NA,6.14,8.73,2,1,0,0,0,0,4,16,1,4,2,0,0,0,0,0,0,0,1,0,0,0,0,0,0,0,1
