"day","Site","Region","Farm","Plot","site_ID","treatment","Avg.Moisture","control_mean","plot_meanC_ratio","acc_rain"
0,"B1","Border","1","C1","Border1","Control",55.2861111111111,50.5999421296296,1.09261214112609,185.780075549534
0,"B1","Border","1","C2","Border1","Control",50.8538194444444,50.5999421296296,1.0050173439757,185.780075549534
0,"B1","Border","1","C3","Border1","Control",45.6598958333333,50.5999421296296,0.902370514898206,185.780075549534
0,"B1","Border","1","D1","Border1","Drought",14.4664335664336,50.5999421296296,0.285898223546831,0
0,"B1","Border","1","D2","Border1","Drought",19.7421875,50.5999421296296,0.390162254522414,0
0,"B1","Border","1","D3","Border1","Drought",19.1600694444444,50.5999421296296,0.378657931966783,0
0,"B3","Border","3","C1","Border3","Control",32.3926666666667,40.7438333333333,0.795032377087739,199.039627553407
0,"B3","Border","3","C2","Border3","Control",47.1453333333333,40.7438333333333,1.15711580075512,199.039627553407
0,"B3","Border","3","C3","Border3","Control",42.6935,40.7438333333333,1.04785182215714,199.039627553407
0,"B3","Border","3","D1","Border3","Drought",53.0933333333333,40.7438333333333,1.30310108278144,0
0,"B3","Border","3","D2","Border3","Drought",17.4813333333333,40.7438333333333,0.429054703574774,0
0,"B3","Border","3","D3","Border3","Drought",30.4398333333333,40.7438333333333,0.747102833557634,0
0,"B5","Border","5","C1","Border5","Control",48.4456597222222,55.1280671296296,0.878783934294409,195.046963216353
0,"B5","Border","5","C2","Border5","Control",62.0380208333333,55.1280671296296,1.12534366001724,195.046963216353
0,"B5","Border","5","C3","Border5","Control",54.9005208333333,55.1280671296296,0.995872405688354,195.046963216353
0,"B5","Border","5","D1","Border5","Drought",21.8414930555556,55.1280671296296,0.396195516962292,0
0,"B5","Border","5","D2","Border5","Drought",13.5994791666667,55.1280671296296,0.246688844263095,0
0,"B5","Border","5","D3","Border5","Drought",25.8055555555556,55.1280671296296,0.468101946960623,0
0,"C1","Cork","1","C1","Cork1","Control",26.8447222222222,30.9793518518519,0.866535954354304,216.154336452734
0,"C1","Cork","1","C2","Cork1","Control",36.3026388888889,30.9793518518519,1.17183338962332,216.154336452734
0,"C1","Cork","1","C3","Cork1","Control",29.7906944444444,30.9793518518519,0.961630656022381,216.154336452734
0,"C1","Cork","1","D1","Cork1","Drought",34.5404166666667,30.9793518518519,1.11494962295675,0
0,"C1","Cork","1","D2","Cork1","Drought",22.9341666666667,30.9793518518519,0.740304922334769,0
0,"C1","Cork","1","D3","Cork1","Drought",21.7343055555556,30.9793518518519,0.701573927675841,0
0,"C2","Cork","2","C1","Cork2","Control",15.5016091954023,17.2168057408382,0.900376610432011,237.951861379492
0,"C2","Cork","2","C2","Cork2","Control",19.2658198614319,17.2168057408382,1.11901244350649,237.951861379492
0,"C2","Cork","2","C3","Cork2","Control",16.8829881656805,17.2168057408382,0.980610946061503,237.951861379492
0,"C2","Cork","2","D1","Cork2","Drought",13.2918055555556,17.2168057408382,0.772025064093476,0
0,"C2","Cork","2","D2","Cork2","Drought",14.3171787709497,17.2168057408382,0.831581594545695,0
0,"C2","Cork","2","D3","Cork2","Drought",16.7486686390533,17.2168057408382,0.972809294079764,0
0,"C3","Cork","3","C1","Cork3","Control",14.3630041724618,14.3276680574872,1.00246628515071,207.805730341574
0,"C3","Cork","3","C2","Cork3","Control",12.62,14.3276680574872,0.880813259308107,207.805730341574
0,"C3","Cork","3","C3","Cork3","Control",16,14.3276680574872,1.11672045554118,207.805730341574
0,"C3","Cork","3","D1","Cork3","Drought",NA,14.3276680574872,NA,0
0,"C3","Cork","3","D2","Cork3","Drought",13.0465277777778,14.3276680574872,0.910582777701918,0
0,"C3","Cork","3","D3","Cork3","Drought",18.7343541944075,14.3276680574872,1.30756478439053,0
0,"C4","Cork","4","C1","Cork4","Control",26.6129166666667,28.7835416666667,0.924587980689196,210.081005096635
0,"C4","Cork","4","C2","Cork4","Control",28.9088541666667,28.7835416666667,1.004353616433,210.081005096635
0,"C4","Cork","4","C3","Cork4","Control",30.8288541666667,28.7835416666667,1.0710584028778,210.081005096635
0,"C4","Cork","4","D1","Cork4","Drought",33.321875,28.7835416666667,1.15767112282048,0
0,"C4","Cork","4","D2","Cork4","Drought",15.5539583333333,28.7835416666667,0.540376806768915,0
0,"C4","Cork","4","D3","Cork4","Drought",17.9848958333333,28.7835416666667,0.624832622809621,0
0,"C5","Cork","5","C1","Cork5","Control",26.9792708333333,29.0157638888889,0.929814253267501,203.502231120585
0,"C5","Cork","5","C2","Cork5","Control",30.3557291666667,29.0157638888889,1.04618059627549,203.502231120585
0,"C5","Cork","5","C3","Cork5","Control",29.7122916666667,29.0157638888889,1.02400515045701,203.502231120585
0,"C5","Cork","5","D1","Cork5","Drought",26.9840625,29.0157638888889,0.929979393385301,0
0,"C5","Cork","5","D2","Cork5","Drought",27.6585416666667,29.0157638888889,0.953224659966924,0
0,"C5","Cork","5","D3","Cork5","Drought",23.0891666666667,29.0157638888889,0.795745607631867,0
0,"D1","Dublin","1","C1","Dublin1","Control",36.3878472222222,37.8796296296296,0.960617819604009,177.287943840308
0,"D1","Dublin","1","C2","Dublin1","Control",39.4019097222222,37.8796296296296,1.0401873013933,177.287943840308
0,"D1","Dublin","1","C3","Dublin1","Control",37.8491319444444,37.8796296296296,0.999194879002689,177.287943840308
0,"D1","Dublin","1","D1","Dublin1","Drought",34.8482638888889,37.8796296296296,0.91997372280616,0
0,"D1","Dublin","1","D2","Dublin1","Drought",14.1993055555556,37.8796296296296,0.37485333659252,0
0,"D1","Dublin","1","D3","Dublin1","Drought",39.0553819444444,37.8796296296296,1.03103917135175,0
0,"D2","Dublin","2","C1","Dublin2","Control",32.3979885057471,30.8190134099617,1.05123379761648,224.530735493088
0,"D2","Dublin","2","C2","Dublin2","Control",28.5705459770115,30.8190134099617,0.927042848418262,224.530735493088
0,"D2","Dublin","2","C3","Dublin2","Control",31.4885057471264,30.8190134099617,1.02172335396526,224.530735493088
0,"D2","Dublin","2","D1","Dublin2","Drought",26.9020114942529,30.8190134099617,0.872903072411698,0
0,"D2","Dublin","2","D2","Dublin2","Drought",18.1596264367816,30.8190134099617,0.589234515564078,0
0,"D2","Dublin","2","D3","Dublin2","Drought",23.9512931034483,30.8190134099617,0.777159631453564,0
0,"D3","Dublin","3","C1","Dublin3","Control",50.9474702380952,46.6739087301587,1.09156210877139,222.173375607019
0,"D3","Dublin","3","C2","Dublin3","Control",47.409375,46.6739087301587,1.01575754612911,222.173375607019
0,"D3","Dublin","3","C3","Dublin3","Control",41.664880952381,46.6739087301587,0.892680345099506,222.173375607019
0,"D3","Dublin","3","D1","Dublin3","Drought",17.5547619047619,46.6739087301587,0.376115101185403,0
0,"D3","Dublin","3","D2","Dublin3","Drought",18.2431547619048,46.6739087301587,0.390864087843511,0
0,"D3","Dublin","3","D3","Dublin3","Drought",14.7495535714286,46.6739087301587,0.316012821139577,0
0,"D4","Dublin","4","C1","Dublin4","Control",48.3331944444444,41.6063425925926,1.16167851901141,225.163606643712
0,"D4","Dublin","4","C2","Dublin4","Control",41.5754166666667,41.6063425925926,0.99925670164694,225.163606643712
0,"D4","Dublin","4","C3","Dublin4","Control",34.9104166666667,41.6063425925926,0.839064779341647,225.163606643712
0,"D4","Dublin","4","D1","Dublin4","Drought",18.1548611111111,41.6063425925926,0.436348402186721,0
0,"D4","Dublin","4","D2","Dublin4","Drought",13.28,41.6063425925926,0.319182104758333,0
0,"D4","Dublin","4","D3","Dublin4","Drought",10.5456944444444,41.6063425925926,0.253463625671389,0
0,"D5","Dublin","5","C1","Dublin5","Control",67.8788976377953,68.3281510644503,0.993425060979167,223.097031593336
0,"D5","Dublin","5","C2","Dublin5","Control",70.3152777777778,68.3281510644503,1.02908210865318,223.097031593336
0,"D5","Dublin","5","C3","Dublin5","Control",66.7902777777778,68.3281510644503,0.977492830367649,223.097031593336
0,"D5","Dublin","5","D1","Dublin5","Drought",71.6815277777778,68.3281510644503,1.04907752750641,0
0,"D5","Dublin","5","D2","Dublin5","Drought",77.0744444444444,68.3281510644503,1.12800424486453,0
0,"D5","Dublin","5","D3","Dublin5","Drought",75.6938888888889,68.3281510644503,1.10779946053993,0
0,"L1","Limerick","1","C1","Limerick1","Control",40.7459635416667,39.9192708333333,1.0207091134451,250.567164420965
0,"L1","Limerick","1","C2","Limerick1","Control",41.1602864583333,39.9192708333333,1.03108813360297,250.567164420965
0,"L1","Limerick","1","C3","Limerick1","Control",37.8515625,39.9192708333333,0.948202752951921,250.567164420965
0,"L1","Limerick","1","D1","Limerick1","Drought",12.9803385416667,39.9192708333333,0.325164720464479,0
0,"L1","Limerick","1","D2","Limerick1","Drought",53.2596354166667,39.9192708333333,1.33418357361863,0
0,"L1","Limerick","1","D3","Limerick1","Drought",6.89544270833333,39.9192708333333,0.172734685889491,0
0,"L2","Limerick","2","C1","Limerick2","Control",45.3768833849329,41.2419552554024,1.10026023509128,208.654193879772
0,"L2","Limerick","2","C2","Limerick2","Control",40.5511340206186,41.2419552554024,0.98324955180942,208.654193879772
0,"L2","Limerick","2","C3","Limerick2","Control",37.7978483606557,41.2419552554024,0.916490213099305,208.654193879772
0,"L2","Limerick","2","D1","Limerick2","Drought",35.1843942505133,41.2419552554024,0.853121391374975,0
0,"L2","Limerick","2","D2","Limerick2","Drought",49.12103626943,41.2419552554024,1.19104528301906,0
0,"L2","Limerick","2","D3","Limerick2","Drought",48.5720286885246,41.2419552554024,1.17773341219466,0
0,"L3","Limerick","3","C1","Limerick3","Control",61.1950520833333,58.80234375,1.04069069667539,217.370493412843
0,"L3","Limerick","3","C2","Limerick3","Control",53.5240885416667,58.80234375,0.910237332872751,217.370493412843
0,"L3","Limerick","3","C3","Limerick3","Control",61.687890625,58.80234375,1.04907197045186,217.370493412843
0,"L3","Limerick","3","D1","Limerick3","Drought",24.6540364583333,58.80234375,0.419269622366597,0
0,"L3","Limerick","3","D2","Limerick3","Drought",21.6376302083333,58.80234375,0.367972241044105,0
0,"L3","Limerick","3","D3","Limerick3","Drought",65.6255208333333,58.80234375,1.11603580143578,0
0,"L4","Limerick","4","C1","Limerick4","Control",30.922619047619,29.4169973544974,1.05118203176816,140.165778636836
0,"L4","Limerick","4","C2","Limerick4","Control",31.7701388888889,29.4169973544974,1.07999258068505,140.165778636836
0,"L4","Limerick","4","C3","Limerick4","Control",25.5582341269841,29.4169973544974,0.868825387546792,140.165778636836
0,"L4","Limerick","4","D1","Limerick4","Drought",24.2357142857143,29.4169973544974,0.823867711366166,0
0,"L4","Limerick","4","D2","Limerick4","Drought",54.5917658730159,29.4169973544974,1.85578987600751,0
0,"L4","Limerick","4","D3","Limerick4","Drought",52.9580357142857,29.4169973544974,1.80025293119147,0
0,"L5","Limerick","5","C1","Limerick5","Control",38.5989583333333,33.8428961471841,1.14053354551765,225.850073337518
0,"L5","Limerick","5","C2","Limerick5","Control",26.4100686498856,33.8428961471841,0.780372593853291,225.850073337518
0,"L5","Limerick","5","C3","Limerick5","Control",36.5196614583333,33.8428961471841,1.07909386062906,225.850073337518
0,"L5","Limerick","5","D1","Limerick5","Drought",20.0307291666667,33.8428961471841,0.591873966091798,0
0,"L5","Limerick","5","D2","Limerick5","Drought",35.287109375,33.8428961471841,1.04267404366148,0
0,"L5","Limerick","5","D3","Limerick5","Drought",36.5151041666667,33.8428961471841,1.0789592004142,0
8,"B1","Border","1","C1","Border1","Control",58.10625,54.5251736111111,1.06567748714438,185.780075549534
8,"B1","Border","1","C2","Border1","Control",55.1786458333333,54.5251736111111,1.01198478022065,185.780075549534
8,"B1","Border","1","C3","Border1","Control",50.290625,54.5251736111111,0.922337732634964,185.780075549534
8,"B1","Border","1","D1","Border1","Drought",19.3239583333333,54.5251736111111,0.354404343050006,0
8,"B1","Border","1","D2","Border1","Drought",21.4192708333333,54.5251736111111,0.392832693869103,0
8,"B1","Border","1","D3","Border1","Drought",18.0869791666667,54.5251736111111,0.331717956473978,0
8,"B3","Border","3","C1","Border3","Control",36.7348958333333,48.2788194444444,0.760890515883576,199.039627553407
8,"B3","Border","3","C2","Border3","Control",56.88125,48.2788194444444,1.1781822889322,199.039627553407
8,"B3","Border","3","C3","Border3","Control",51.2203125,48.2788194444444,1.06092719518422,199.039627553407
8,"B3","Border","3","D1","Border3","Drought",57.9958333333333,48.2788194444444,1.20126867228124,0
8,"B3","Border","3","D2","Border3","Drought",21.8135416666667,48.2788194444444,0.451824255805758,0
8,"B3","Border","3","D3","Border3","Drought",31.6484375,48.2788194444444,0.655534618786994,0
8,"B5","Border","5","C1","Border5","Control",55.6635416666667,58.3944444444444,0.953233517267624,195.046963216353
8,"B5","Border","5","C2","Border5","Control",59.9739583333333,58.3944444444444,1.02704904385881,195.046963216353
8,"B5","Border","5","C3","Border5","Control",59.5458333333333,58.3944444444444,1.01971743887356,195.046963216353
8,"B5","Border","5","D1","Border5","Drought",17.1666666666667,58.3944444444444,0.29397773760822,0
8,"B5","Border","5","D2","Border5","Drought",11.4822916666667,58.3944444444444,0.196633288935401,0
8,"B5","Border","5","D3","Border5","Drought",23.4739583333333,58.3944444444444,0.401989582342308,0
8,"C1","Cork","1","C1","Cork1","Control",35.5802083333333,42.0751736111111,0.845634260768383,216.154336452734
8,"C1","Cork","1","C2","Cork1","Control",47.0723958333333,42.0751736111111,1.11876890321143,216.154336452734
8,"C1","Cork","1","C3","Cork1","Control",43.5729166666667,42.0751736111111,1.03559683602019,216.154336452734
8,"C1","Cork","1","D1","Cork1","Drought",41.0640625,42.0751736111111,0.975968937871617,0
8,"C1","Cork","1","D2","Cork1","Drought",22.3427083333333,42.0751736111111,0.531018803150776,0
8,"C1","Cork","1","D3","Cork1","Drought",19.8927083333333,42.0751736111111,0.472789691070463,0
8,"C2","Cork","2","C1","Cork2","Control",NA,27.9270833333333,NA,237.951861379492
8,"C2","Cork","2","C2","Cork2","Control",30.4984375,27.9270833333333,1.09207385303991,237.951861379492
8,"C2","Cork","2","C3","Cork2","Control",25.3557291666667,27.9270833333333,0.907926146960089,237.951861379492
8,"C2","Cork","2","D1","Cork2","Drought",15.003125,27.9270833333333,0.537224916076091,0
8,"C2","Cork","2","D2","Cork2","Drought",25.3567708333333,27.9270833333333,0.907963446475196,0
8,"C2","Cork","2","D3","Cork2","Drought",27.9604166666667,27.9270833333333,1.0011935844834,0
8,"C3","Cork","3","C1","Cork3","Control",27.4786096256685,27.4786096256685,1,207.805730341574
8,"C3","Cork","3","C2","Cork3","Control",NA,27.4786096256685,NA,207.805730341574
8,"C3","Cork","3","C3","Cork3","Control",NA,27.4786096256685,NA,207.805730341574
8,"C3","Cork","3","D1","Cork3","Drought",NA,27.4786096256685,NA,0
8,"C3","Cork","3","D2","Cork3","Drought",23.2529411764706,27.4786096256685,0.846219713924297,0
8,"C3","Cork","3","D3","Cork3","Drought",30.4666666666667,27.4786096256685,1.10874120203691,0
8,"C4","Cork","4","C1","Cork4","Control",44.16875,43.3378472222222,1.01917268233277,210.081005096635
8,"C4","Cork","4","C2","Cork4","Control",43.6151041666667,43.3378472222222,1.00639757076587,210.081005096635
8,"C4","Cork","4","C3","Cork4","Control",42.2296875,43.3378472222222,0.974429746901364,210.081005096635
8,"C4","Cork","4","D1","Cork4","Drought",49.5895833333333,43.3378472222222,1.1442558066868,0
8,"C4","Cork","4","D2","Cork4","Drought",11.2375,43.3378472222222,0.259299912669353,0
8,"C4","Cork","4","D3","Cork4","Drought",33.3828125,43.3378472222222,0.77029235736662,0
8,"C5","Cork","5","C1","Cork5","Control",37.21875,38.9317708333333,0.955999411363363,203.502231120585
8,"C5","Cork","5","C2","Cork5","Control",40.1354166666667,38.9317708333333,1.03091680156256,203.502231120585
8,"C5","Cork","5","C3","Cork5","Control",39.4411458333333,38.9317708333333,1.01308378707407,203.502231120585
8,"C5","Cork","5","D1","Cork5","Drought",26.3619791666667,38.9317708333333,0.677132804452234,0
8,"C5","Cork","5","D2","Cork5","Drought",26.8302083333333,38.9317708333333,0.689159721200284,0
8,"C5","Cork","5","D3","Cork5","Drought",21.784375,38.9317708333333,0.559552636155668,0
8,"D1","Dublin","1","C1","Dublin1","Control",36.6895833333333,38.2427083333333,0.959387682837142,177.287943840308
8,"D1","Dublin","1","C2","Dublin1","Control",39.7822916666667,38.2427083333333,1.04025821915943,177.287943840308
8,"D1","Dublin","1","C3","Dublin1","Control",38.25625,38.2427083333333,1.00035409800343,177.287943840308
8,"D1","Dublin","1","D1","Dublin1","Drought",36.3901041666667,38.2427083333333,0.951556669299703,0
8,"D1","Dublin","1","D2","Dublin1","Drought",13.2369791666667,38.2427083333333,0.346130798354806,0
8,"D1","Dublin","1","D3","Dublin1","Drought",41.4828125,38.2427083333333,1.0847247568981,0
8,"D2","Dublin","2","C1","Dublin2","Control",34.4088541666667,32.3027777777778,1.06519799638834,224.530735493088
8,"D2","Dublin","2","C2","Dublin2","Control",33.1552083333333,32.3027777777778,1.02638876945567,224.530735493088
8,"D2","Dublin","2","C3","Dublin2","Control",29.3442708333333,32.3027777777778,0.908413234155989,224.530735493088
8,"D2","Dublin","2","D1","Dublin2","Drought",21.825,32.3027777777778,0.675638489981942,0
8,"D2","Dublin","2","D2","Dublin2","Drought",16.3125,32.3027777777778,0.50498753117207,0
8,"D2","Dublin","2","D3","Dublin2","Drought",18.8020833333333,32.3027777777778,0.582057786568063,0
8,"D3","Dublin","3","C1","Dublin3","Control",56.6401041666667,53.5392361111111,1.05791767460261,222.173375607019
8,"D3","Dublin","3","C2","Dublin3","Control",55.8765625,53.5392361111111,1.0436563268112,222.173375607019
8,"D3","Dublin","3","C3","Dublin3","Control",48.1010416666667,53.5392361111111,0.898425998586188,222.173375607019
8,"D3","Dublin","3","D1","Dublin3","Drought",16.2635416666667,53.5392361111111,0.303768653570525,0
8,"D3","Dublin","3","D2","Dublin3","Drought",16.978125,53.5392361111111,0.317115562963299,0
8,"D3","Dublin","3","D3","Dublin3","Drought",15.5265625,53.5392361111111,0.290003437250718,0
8,"D4","Dublin","4","C1","Dublin4","Control",54.4671875,49.7876736111111,1.09398940640288,225.163606643712
8,"D4","Dublin","4","C2","Dublin4","Control",52.6005208333333,49.7876736111111,1.05649685992949,225.163606643712
8,"D4","Dublin","4","C3","Dublin4","Control",42.2953125,49.7876736111111,0.849513733667623,225.163606643712
8,"D4","Dublin","4","D1","Dublin4","Drought",23.7125,49.7876736111111,0.476272504419811,0
8,"D4","Dublin","4","D2","Dublin4","Drought",18.6161458333333,49.7876736111111,0.373910739006266,0
8,"D4","Dublin","4","D3","Dublin4","Drought",11.3760416666667,49.7876736111111,0.228491127252186,0
8,"D5","Dublin","5","C1","Dublin5","Control",85.6,83.9131944444444,1.02010179169942,223.097031593336
8,"D5","Dublin","5","C2","Dublin5","Control",85.55,83.9131944444444,1.01950593784913,223.097031593336
8,"D5","Dublin","5","C3","Dublin5","Control",80.5895833333333,83.9131944444444,0.960392270451442,223.097031593336
8,"D5","Dublin","5","D1","Dublin5","Drought",82.0333333333333,83.9131944444444,0.977597550378616,0
8,"D5","Dublin","5","D2","Dublin5","Drought",85.1651041666667,83.9131944444444,1.01491910456408,0
8,"D5","Dublin","5","D3","Dublin5","Drought",92.1390625,83.9131944444444,1.09802830305789,0
8,"L1","Limerick","1","C1","Limerick1","Control",48.3671875,51.1548611111111,0.945505206141482,250.567164420965
8,"L1","Limerick","1","C2","Limerick1","Control",53.7161458333333,51.1548611111111,1.05006923421528,250.567164420965
8,"L1","Limerick","1","C3","Limerick1","Control",51.38125,51.1548611111111,1.00442555964324,250.567164420965
8,"L1","Limerick","1","D1","Limerick1","Drought",17.2151041666667,51.1548611111111,0.336529193760775,0
8,"L1","Limerick","1","D2","Limerick1","Drought",56.75,51.1548611111111,1.10937648480241,0
8,"L1","Limerick","1","D3","Limerick1","Drought",12.25625,51.1548611111111,0.239591110869772,0
8,"L2","Limerick","2","C1","Limerick2","Control",NA,NA,NA,208.654193879772
8,"L2","Limerick","2","C2","Limerick2","Control",NA,NA,NA,208.654193879772
8,"L2","Limerick","2","C3","Limerick2","Control",NA,NA,NA,208.654193879772
8,"L2","Limerick","2","D1","Limerick2","Drought",0,NA,NA,0
8,"L2","Limerick","2","D2","Limerick2","Drought",NA,NA,NA,0
8,"L2","Limerick","2","D3","Limerick2","Drought",NA,NA,NA,0
8,"L3","Limerick","3","C1","Limerick3","Control",68.4723958333333,66.3854166666667,1.03143731366703,217.370493412843
8,"L3","Limerick","3","C2","Limerick3","Control",63.1875,66.3854166666667,0.951828024478268,217.370493412843
8,"L3","Limerick","3","C3","Limerick3","Control",67.4963541666667,66.3854166666667,1.0167346618547,217.370493412843
8,"L3","Limerick","3","D1","Limerick3","Drought",45.7604166666667,66.3854166666667,0.689314294680684,0
8,"L3","Limerick","3","D2","Limerick3","Drought",15.4072916666667,66.3854166666667,0.232088498352424,0
8,"L3","Limerick","3","D3","Limerick3","Drought",68.1854166666667,66.3854166666667,1.02711438882787,0
8,"L4","Limerick","4","C1","Limerick4","Control",22.3942708333333,20.2769097222222,1.10442227835096,140.165778636836
8,"L4","Limerick","4","C2","Limerick4","Control",23.2645833333333,20.2769097222222,1.1473436362858,140.165778636836
8,"L4","Limerick","4","C3","Limerick4","Control",15.171875,20.2769097222222,0.748234085363243,140.165778636836
8,"L4","Limerick","4","D1","Limerick4","Drought",17.93125,20.2769097222222,0.8843186780256,0
8,"L4","Limerick","4","D2","Limerick4","Drought",57.7635416666667,20.2769097222222,2.84873496296931,0
8,"L4","Limerick","4","D3","Limerick4","Drought",55.2583333333333,20.2769097222222,2.72518515347404,0
8,"L5","Limerick","5","C1","Limerick5","Control",44.5567708333333,41.3163194444444,1.07843030145137,225.850073337518
8,"L5","Limerick","5","C2","Limerick5","Control",35.846875,41.3163194444444,0.867620240186233,225.850073337518
8,"L5","Limerick","5","C3","Limerick5","Control",43.5453125,41.3163194444444,1.0539494583624,225.850073337518
8,"L5","Limerick","5","D1","Limerick5","Drought",24.3348958333333,41.3163194444444,0.588989923607668,0
8,"L5","Limerick","5","D2","Limerick5","Drought",44.7182291666667,41.3163194444444,1.08233816002891,0
8,"L5","Limerick","5","D3","Limerick5","Drought",41.3666666666667,41.3163194444444,1.00121857955644,0
16,"B1","Border","1","C1","Border1","Control",59.41875,57.6371527777778,1.03091056959547,185.780075549534
16,"B1","Border","1","C2","Border1","Control",57.6197916666667,57.6371527777778,0.999698786108015,185.780075549534
16,"B1","Border","1","C3","Border1","Control",55.8729166666667,57.6371527777778,0.969390644296515,185.780075549534
16,"B1","Border","1","D1","Border1","Drought",36.5661458333333,57.6371527777778,0.634419711437092,0
16,"B1","Border","1","D2","Border1","Drought",27.3244791666667,57.6371527777778,0.474077532455797,0
16,"B1","Border","1","D3","Border1","Drought",18.7484375,57.6371527777778,0.325283894093196,0
16,"B3","Border","3","C1","Border3","Control",47.9609375,57.9684027777778,0.827363446321931,199.039627553407
16,"B3","Border","3","C2","Border3","Control",66.5083333333333,57.9684027777778,1.14732043917604,199.039627553407
16,"B3","Border","3","C3","Border3","Control",59.4359375,57.9684027777778,1.02531611450203,199.039627553407
16,"B3","Border","3","D1","Border3","Drought",62.6265625,57.9684027777778,1.08035687545298,0
16,"B3","Border","3","D2","Border3","Drought",36.4317708333333,57.9684027777778,0.628476361044391,0
16,"B3","Border","3","D3","Border3","Drought",47.0307291666667,57.9684027777778,0.811316629629408,0
16,"B5","Border","5","C1","Border5","Control",76.4052083333333,73.9489583333333,1.03321547801834,195.046963216353
16,"B5","Border","5","C2","Border5","Control",76.7229166666667,73.9489583333333,1.03751179727008,195.046963216353
16,"B5","Border","5","C3","Border5","Control",68.71875,73.9489583333333,0.929272724711583,195.046963216353
16,"B5","Border","5","D1","Border5","Drought",22.1927083333333,73.9489583333333,0.300108464453241,0
16,"B5","Border","5","D2","Border5","Drought",12.5041666666667,73.9489583333333,0.169091856714231,0
16,"B5","Border","5","D3","Border5","Drought",25.9822916666667,73.9489583333333,0.351354397036244,0
16,"C1","Cork","1","C1","Cork1","Control",31.0572916666667,35.7727430555556,0.868183119713081,216.154336452734
16,"C1","Cork","1","C2","Cork1","Control",40.0572916666667,35.7727430555556,1.11977131875118,216.154336452734
16,"C1","Cork","1","C3","Cork1","Control",36.2036458333333,35.7727430555556,1.01204556153574,216.154336452734
16,"C1","Cork","1","D1","Cork1","Drought",37.60625,35.7727430555556,1.05125430111963,0
16,"C1","Cork","1","D2","Cork1","Drought",23.1171875,35.7727430555556,0.646223507772348,0
16,"C1","Cork","1","D3","Cork1","Drought",22.03125,35.7727430555556,0.615866945562021,0
16,"C2","Cork","2","C1","Cork2","Control",NA,23.9692708333333,NA,237.951861379492
16,"C2","Cork","2","C2","Cork2","Control",26.1104166666667,23.9692708333333,1.08932878468525,237.951861379492
16,"C2","Cork","2","C3","Cork2","Control",21.828125,23.9692708333333,0.910671215314748,237.951861379492
16,"C2","Cork","2","D1","Cork2","Drought",17.4395833333333,23.9692708333333,0.727580886986376,0
16,"C2","Cork","2","D2","Cork2","Drought",26.7619791666667,23.9692708333333,1.11651202711805,0
16,"C2","Cork","2","D3","Cork2","Drought",30.0432291666667,23.9692708333333,1.25340605375807,0
16,"C3","Cork","3","C1","Cork3","Control",29.5285714285714,29.5285714285714,1,207.805730341574
16,"C3","Cork","3","C2","Cork3","Control",NA,29.5285714285714,NA,207.805730341574
16,"C3","Cork","3","C3","Cork3","Control",NA,29.5285714285714,NA,207.805730341574
16,"C3","Cork","3","D1","Cork3","Drought",NA,29.5285714285714,NA,0
16,"C3","Cork","3","D2","Cork3","Drought",23.9142857142857,29.5285714285714,0.809869375907112,0
16,"C3","Cork","3","D3","Cork3","Drought",32.0890625,29.5285714285714,1.08671232462506,0
16,"C4","Cork","4","C1","Cork4","Control",48.3005208333333,47.7081597222222,1.01241634794886,210.081005096635
16,"C4","Cork","4","C2","Cork4","Control",48.5421875,47.7081597222222,1.01748186856575,210.081005096635
16,"C4","Cork","4","C3","Cork4","Control",46.2817708333333,47.7081597222222,0.970101783485384,210.081005096635
16,"C4","Cork","4","D1","Cork4","Drought",55.7713541666667,47.7081597222222,1.16901080426057,0
16,"C4","Cork","4","D2","Cork4","Drought",31.7177083333333,47.7081597222222,0.664827746825862,0
16,"C4","Cork","4","D3","Cork4","Drought",43.0270833333333,47.7081597222222,0.901881011211831,0
16,"C5","Cork","5","C1","Cork5","Control",43.9203125,38.6142361111111,1.13741243964068,203.502231120585
16,"C5","Cork","5","C2","Cork5","Control",44.2375,38.6142361111111,1.14562670287477,203.502231120585
16,"C5","Cork","5","C3","Cork5","Control",27.6848958333333,38.6142361111111,0.716960857484556,203.502231120585
16,"C5","Cork","5","D1","Cork5","Drought",29.596875,38.6142361111111,0.766475734877573,0
16,"C5","Cork","5","D2","Cork5","Drought",29.4609375,38.6142361111111,0.762955336348677,0
16,"C5","Cork","5","D3","Cork5","Drought",26.3145833333333,38.6142361111111,0.681473621739248,0
16,"D1","Dublin","1","C1","Dublin1","Control",48.9635416666667,46.9555555555556,1.04276354708945,177.287943840308
16,"D1","Dublin","1","C2","Dublin1","Control",46.6484375,46.9555555555556,0.993459388310459,177.287943840308
16,"D1","Dublin","1","C3","Dublin1","Control",45.2546875,46.9555555555556,0.963777064600095,177.287943840308
16,"D1","Dublin","1","D1","Dublin1","Drought",39.5927083333333,46.9555555555556,0.843195397539044,0
16,"D1","Dublin","1","D2","Dublin1","Drought",19.3796875,46.9555555555556,0.412724059394226,0
16,"D1","Dublin","1","D3","Dublin1","Drought",44.1958333333333,46.9555555555556,0.941226928537624,0
16,"D2","Dublin","2","C1","Dublin2","Control",36.7984375,33.6105902777778,1.09484651105131,224.530735493088
16,"D2","Dublin","2","C2","Dublin2","Control",37.3671875,33.6105902777778,1.11176826087181,224.530735493088
16,"D2","Dublin","2","C3","Dublin2","Control",26.6661458333333,33.6105902777778,0.793385228076881,224.530735493088
16,"D2","Dublin","2","D1","Dublin2","Drought",25.1723958333333,33.6105902777778,0.748942390636219,0
16,"D2","Dublin","2","D2","Dublin2","Drought",17.2911458333333,33.6105902777778,0.514455285980671,0
16,"D2","Dublin","2","D3","Dublin2","Drought",20.5713541666667,33.6105902777778,0.612049773498556,0
16,"D3","Dublin","3","C1","Dublin3","Control",57.2796875,52.9432291666667,1.0819077038101,222.173375607019
16,"D3","Dublin","3","C2","Dublin3","Control",58.5057291666667,52.9432291666667,1.10506537072926,222.173375607019
16,"D3","Dublin","3","C3","Dublin3","Control",43.0442708333333,52.9432291666667,0.813026925460645,222.173375607019
16,"D3","Dublin","3","D1","Dublin3","Drought",18.1666666666667,52.9432291666667,0.343134843730017,0
16,"D3","Dublin","3","D2","Dublin3","Drought",18.5942708333333,52.9432291666667,0.351211498165291,0
16,"D3","Dublin","3","D3","Dublin3","Drought",18.503125,52.9432291666667,0.349489921397724,0
16,"D4","Dublin","4","C1","Dublin4","Control",45.6791666666667,44.2736111111111,1.03174702763748,225.163606643712
16,"D4","Dublin","4","C2","Dublin4","Control",49.1463541666667,44.2736111111111,1.11005976095618,225.163606643712
16,"D4","Dublin","4","C3","Dublin4","Control",37.9953125,44.2736111111111,0.858193211406343,225.163606643712
16,"D4","Dublin","4","D1","Dublin4","Drought",27.8729166666667,44.2736111111111,0.629560498164821,0
16,"D4","Dublin","4","D2","Dublin4","Drought",24.2958333333333,44.2736111111111,0.548765567650657,0
16,"D4","Dublin","4","D3","Dublin4","Drought",11.9458333333333,44.2736111111111,0.269818364337924,0
16,"D5","Dublin","5","C1","Dublin5","Control",84.109375,82.4178819444444,1.02052337448681,223.097031593336
16,"D5","Dublin","5","C2","Dublin5","Control",84.2401041666667,82.4178819444444,1.0221095492778,223.097031593336
16,"D5","Dublin","5","C3","Dublin5","Control",78.9041666666667,82.4178819444444,0.957367076235394,223.097031593336
16,"D5","Dublin","5","D1","Dublin5","Drought",80.990625,82.4178819444444,0.982682678676376,0
16,"D5","Dublin","5","D2","Dublin5","Drought",85.3171875,82.4178819444444,1.03517811289436,0
16,"D5","Dublin","5","D3","Dublin5","Drought",90.5666666666667,82.4178819444444,1.09887156197141,0
16,"L1","Limerick","1","C1","Limerick1","Control",50.8119791666667,50.8373263888889,0.999501405285787,250.567164420965
16,"L1","Limerick","1","C2","Limerick1","Control",54.7223958333333,50.8373263888889,1.07642159256616,250.567164420965
16,"L1","Limerick","1","C3","Limerick1","Control",46.9776041666667,50.8373263888889,0.924077002148055,250.567164420965
16,"L1","Limerick","1","D1","Limerick1","Drought",31.6510416666667,50.8373263888889,0.622594536631344,0
16,"L1","Limerick","1","D2","Limerick1","Drought",55.7567708333333,50.8373263888889,1.0967683549448,0
16,"L1","Limerick","1","D3","Limerick1","Drought",26.6708333333333,50.8373263888889,0.524630920385352,0
16,"L2","Limerick","2","C1","Limerick2","Control",1.3,2.71111111111111,0.479508196721311,208.654193879772
16,"L2","Limerick","2","C2","Limerick2","Control",3,2.71111111111111,1.10655737704918,208.654193879772
16,"L2","Limerick","2","C3","Limerick2","Control",3.83333333333333,2.71111111111111,1.41393442622951,208.654193879772
16,"L2","Limerick","2","D1","Limerick2","Drought",1.05,2.71111111111111,0.387295081967213,0
16,"L2","Limerick","2","D2","Limerick2","Drought",2,2.71111111111111,0.737704918032787,0
16,"L2","Limerick","2","D3","Limerick2","Drought",5.14,2.71111111111111,1.89590163934426,0
16,"L3","Limerick","3","C1","Limerick3","Control",65.5114583333333,63.9536458333333,1.02435846275378,217.370493412843
16,"L3","Limerick","3","C2","Limerick3","Control",60.1359375,63.9536458333333,0.940305071218575,217.370493412843
16,"L3","Limerick","3","C3","Limerick3","Control",66.2135416666667,63.9536458333333,1.03533646602764,217.370493412843
16,"L3","Limerick","3","D1","Limerick3","Drought",49.7744791666667,63.9536458333333,0.778289939816436,0
16,"L3","Limerick","3","D2","Limerick3","Drought",18.6776041666667,63.9536458333333,0.292049091545797,0
16,"L3","Limerick","3","D3","Limerick3","Drought",66.1588541666667,63.9536458333333,1.03448135449667,0
16,"L4","Limerick","4","C1","Limerick4","Control",30.625,30.0628472222222,1.01869925272288,140.165778636836
16,"L4","Limerick","4","C2","Limerick4","Control",35.8369791666667,30.0628472222222,1.19206869867523,140.165778636836
16,"L4","Limerick","4","C3","Limerick4","Control",23.7265625,30.0628472222222,0.789232048601887,140.165778636836
16,"L4","Limerick","4","D1","Limerick4","Drought",21.0119791666667,30.0628472222222,0.698935101234682,0
16,"L4","Limerick","4","D2","Limerick4","Drought",65.8197916666667,30.0628472222222,2.18940645176193,0
16,"L4","Limerick","4","D3","Limerick4","Drought",65.7166666666667,30.0628472222222,2.18597613795174,0
16,"L5","Limerick","5","C1","Limerick5","Control",44.0229166666667,37.6157986111111,1.17033050718384,225.850073337518
16,"L5","Limerick","5","C2","Limerick5","Control",35.2234375,37.6157986111111,0.936400097846003,225.850073337518
16,"L5","Limerick","5","C3","Limerick5","Control",33.6010416666667,37.6157986111111,0.893269394970162,225.850073337518
16,"L5","Limerick","5","D1","Limerick5","Drought",29.984375,37.6157986111111,0.797121850581768,0
16,"L5","Limerick","5","D2","Limerick5","Drought",43.39375,37.6157986111111,1.15360437907019,0
16,"L5","Limerick","5","D3","Limerick5","Drought",38.4713541666667,37.6157986111111,1.02274458039295,0
32,"B1","Border","1","C1","Border1","Control",59.9408854166667,56.5830729166667,1.05934305662305,185.780075549534
32,"B1","Border","1","C2","Border1","Control",57.8453125,56.5830729166667,1.02230772417031,185.780075549534
32,"B1","Border","1","C3","Border1","Control",51.9630208333333,56.5830729166667,0.918349219206642,185.780075549534
32,"B1","Border","1","D1","Border1","Drought",45.7372395833333,56.5830729166667,0.80832017820406,0
32,"B1","Border","1","D2","Border1","Drought",34.1315104166667,56.5830729166667,0.603210618605572,0
32,"B1","Border","1","D3","Border1","Drought",22.4526041666667,56.5830729166667,0.396807790904781,0
32,"B3","Border","3","C1","Border3","Control",45.9794270833333,53.6053819444444,0.857739007083011,199.039627553407
32,"B3","Border","3","C2","Border3","Control",60.3315104166667,53.6053819444444,1.12547487263859,199.039627553407
32,"B3","Border","3","C3","Border3","Control",54.5052083333333,53.6053819444444,1.0167861202784,199.039627553407
32,"B3","Border","3","D1","Border3","Drought",55.5252604166667,53.6053819444444,1.03581503204682,0
32,"B3","Border","3","D2","Border3","Drought",35.6973958333333,53.6053819444444,0.665929325348888,0
32,"B3","Border","3","D3","Border3","Drought",46.0463541666667,53.6053819444444,0.858987521334858,0
32,"B5","Border","5","C1","Border5","Control",71.0505208333333,71.6126736111111,0.992150093699468,195.046963216353
32,"B5","Border","5","C2","Border5","Control",76.8958333333333,71.6126736111111,1.07377408852115,195.046963216353
32,"B5","Border","5","C3","Border5","Control",66.8916666666667,71.6126736111111,0.934075817779383,195.046963216353
32,"B5","Border","5","D1","Border5","Drought",49.9940104166667,71.6126736111111,0.698116798266136,0
32,"B5","Border","5","D2","Border5","Drought",21.8395833333333,71.6126736111111,0.304968132483533,0
32,"B5","Border","5","D3","Border5","Drought",39.8434895833333,71.6126736111111,0.556374836662311,0
32,"C1","Cork","1","C1","Cork1","Control",37.4591145833333,41.7993923611111,0.896164093959035,216.154336452734
32,"C1","Cork","1","C2","Cork1","Control",43.5940104166667,41.7993923611111,1.04293407042982,216.154336452734
32,"C1","Cork","1","C3","Cork1","Control",44.3450520833333,41.7993923611111,1.06090183561115,216.154336452734
32,"C1","Cork","1","D1","Cork1","Drought",43.1174479166667,41.7993923611111,1.03153288794652,0
32,"C1","Cork","1","D2","Cork1","Drought",33.67421875,41.7993923611111,0.805615030455071,0
32,"C1","Cork","1","D3","Cork1","Drought",36.9783854166667,41.7993923611111,0.884663229005937,0
32,"C2","Cork","2","C1","Cork2","Control",NA,29.4377604166667,NA,237.951861379492
32,"C2","Cork","2","C2","Cork2","Control",30.09921875,29.4377604166667,1.0224697233747,237.951861379492
32,"C2","Cork","2","C3","Cork2","Control",28.7763020833333,29.4377604166667,0.977530276625295,237.951861379492
32,"C2","Cork","2","D1","Cork2","Drought",28.4005208333333,29.4377604166667,0.964764996771083,0
32,"C2","Cork","2","D2","Cork2","Drought",38.8213541666667,29.4377604166667,1.31876044974832,0
32,"C2","Cork","2","D3","Cork2","Drought",41.34140625,29.4377604166667,1.40436655726683,0
32,"C3","Cork","3","C1","Cork3","Control",34.9,34.9,1,207.805730341574
32,"C3","Cork","3","C2","Cork3","Control",NA,34.9,NA,207.805730341574
32,"C3","Cork","3","C3","Cork3","Control",NA,34.9,NA,207.805730341574
32,"C3","Cork","3","D1","Cork3","Drought",NA,34.9,NA,0
32,"C3","Cork","3","D2","Cork3","Drought",30,34.9,0.859598853868195,0
32,"C3","Cork","3","D3","Cork3","Drought",34.06484375,34.9,0.976070021489971,0
32,"C4","Cork","4","C1","Cork4","Control",40.1614583333333,42.5123263888889,0.944701495889673,210.081005096635
32,"C4","Cork","4","C2","Cork4","Control",45.5890625,42.5123263888889,1.07237280037244,210.081005096635
32,"C4","Cork","4","C3","Cork4","Control",41.7864583333333,42.5123263888889,0.982925703737887,210.081005096635
32,"C4","Cork","4","D1","Cork4","Drought",46.921875,42.5123263888889,1.10372400161718,0
32,"C4","Cork","4","D2","Cork4","Drought",39.1880208333333,42.5123263888889,0.921803725226752,0
32,"C4","Cork","4","D3","Cork4","Drought",37.52109375,42.5123263888889,0.882593283810659,0
32,"C5","Cork","5","C1","Cork5","Control",43.4875,37.7409722222222,1.15226231438718,203.502231120585
32,"C5","Cork","5","C2","Cork5","Control",40.1703125,37.7409722222222,1.06436877840543,203.502231120585
32,"C5","Cork","5","C3","Cork5","Control",29.5651041666667,37.7409722222222,0.783368907207389,203.502231120585
32,"C5","Cork","5","D1","Cork5","Drought",33.84453125,37.7409722222222,0.896758330726627,0
32,"C5","Cork","5","D2","Cork5","Drought",32.8221354166667,37.7409722222222,0.869668518961488,0
32,"C5","Cork","5","D3","Cork5","Drought",37.9674479166667,37.7409722222222,1.00600079121203,0
32,"D1","Dublin","1","C1","Dublin1","Control",50.50703125,46.2910590277778,1.09107530289364,177.287943840308
32,"D1","Dublin","1","C2","Dublin1","Control",43.9856770833333,46.2910590277778,0.950198116161891,177.287943840308
32,"D1","Dublin","1","C3","Dublin1","Control",44.38046875,46.2910590277778,0.958726580944469,177.287943840308
32,"D1","Dublin","1","D1","Dublin1","Drought",38.6846354166667,46.2910590277778,0.835682661601094,0
32,"D1","Dublin","1","D2","Dublin1","Drought",27.61171875,46.2910590277778,0.596480601868086,0
32,"D1","Dublin","1","D3","Dublin1","Drought",42.0981770833333,46.2910590277778,0.909423503533837,0
32,"D2","Dublin","2","C1","Dublin2","Control",34.3078125,32.2743055555556,1.06300699300699,224.530735493088
32,"D2","Dublin","2","C2","Dublin2","Control",36.01796875,32.2743055555556,1.11599515868747,224.530735493088
32,"D2","Dublin","2","C3","Dublin2","Control",26.4971354166667,32.2743055555556,0.820997848305541,224.530735493088
32,"D2","Dublin","2","D1","Dublin2","Drought",30.0385416666667,32.2743055555556,0.930726196880043,0
32,"D2","Dublin","2","D2","Dublin2","Drought",18.2986979166667,32.2743055555556,0.566974179666487,0
32,"D2","Dublin","2","D3","Dublin2","Drought",19.74375,32.2743055555556,0.611748251748252,0
32,"D3","Dublin","3","C1","Dublin3","Control",54.8291666666667,46.6363715277778,1.17567394011365,222.173375607019
32,"D3","Dublin","3","C2","Dublin3","Control",50.9807291666667,46.6363715277778,1.09315385173783,222.173375607019
32,"D3","Dublin","3","C3","Dublin3","Control",34.09921875,46.6363715277778,0.731172208148519,222.173375607019
32,"D3","Dublin","3","D1","Dublin3","Drought",20.4541666666667,46.6363715277778,0.438588294856594,0
32,"D3","Dublin","3","D2","Dublin3","Drought",21.1130208333333,46.6363715277778,0.452715769724021,0
32,"D3","Dublin","3","D3","Dublin3","Drought",21.29296875,46.6363715277778,0.456574301397298,0
32,"D4","Dublin","4","C1","Dublin4","Control",49.3346354166667,47.4111979166667,1.04056926600717,225.163606643712
32,"D4","Dublin","4","C2","Dublin4","Control",51.5169270833333,47.4111979166667,1.08659830055092,225.163606643712
32,"D4","Dublin","4","C3","Dublin4","Control",41.38203125,47.4111979166667,0.872832433441906,225.163606643712
32,"D4","Dublin","4","D1","Dublin4","Drought",36.2520833333333,47.4111979166667,0.764631245914786,0
32,"D4","Dublin","4","D2","Dublin4","Drought",33.0604166666667,47.4111979166667,0.697312409713335,0
32,"D4","Dublin","4","D3","Dublin4","Drought",17.63828125,47.4111979166667,0.372027749246123,0
32,"D5","Dublin","5","C1","Dublin5","Control",84.1113095238095,83.6809399801587,1.00514298170829,223.097031593336
32,"D5","Dublin","5","C2","Dublin5","Control",86.67265625,83.6809399801587,1.03575146587204,223.097031593336
32,"D5","Dublin","5","C3","Dublin5","Control",80.2588541666667,83.6809399801587,0.959105552419661,223.097031593336
32,"D5","Dublin","5","D1","Dublin5","Drought",82.0643229166667,83.6809399801587,0.980681179443307,0
32,"D5","Dublin","5","D2","Dublin5","Drought",84.1588541666667,83.6809399801587,1.00571114744434,0
32,"D5","Dublin","5","D3","Dublin5","Drought",88.5091145833333,83.6809399801587,1.05769742314462,0
32,"L1","Limerick","1","C1","Limerick1","Control",53.0369791666667,53.3404513888889,0.994310655153446,250.567164420965
32,"L1","Limerick","1","C2","Limerick1","Control",51.8203125,53.3404513888889,0.971501199384197,250.567164420965
32,"L1","Limerick","1","C3","Limerick1","Control",55.1640625,53.3404513888889,1.03418814546236,250.567164420965
32,"L1","Limerick","1","D1","Limerick1","Drought",42.7653645833333,53.3404513888889,0.801743582399484,0
32,"L1","Limerick","1","D2","Limerick1","Drought",58.0364583333333,53.3404513888889,1.0880383802943,0
32,"L1","Limerick","1","D3","Limerick1","Drought",37.7380208333333,53.3404513888889,0.707493466041316,0
32,"L2","Limerick","2","C1","Limerick2","Control",14.384,13.5278888498888,1.06328490421609,208.654193879772
32,"L2","Limerick","2","C2","Limerick2","Control",13.9581081081081,13.5278888498888,1.03180239451944,208.654193879772
32,"L2","Limerick","2","C3","Limerick2","Control",12.2415584415584,13.5278888498888,0.904912701264471,208.654193879772
32,"L2","Limerick","2","D1","Limerick2","Drought",23.2391304347826,13.5278888498888,1.71786822708656,0
32,"L2","Limerick","2","D2","Limerick2","Drought",12.5025641025641,13.5278888498888,0.924206595818299,0
32,"L2","Limerick","2","D3","Limerick2","Drought",14.0861111111111,13.5278888498888,1.04126455113703,0
32,"L3","Limerick","3","C1","Limerick3","Control",67.0903645833333,66.8942708333333,1.00293139827308,217.370493412843
32,"L3","Limerick","3","C2","Limerick3","Control",65.44921875,66.8942708333333,0.978397969432484,217.370493412843
32,"L3","Limerick","3","C3","Limerick3","Control",68.1432291666667,66.8942708333333,1.01867063229443,217.370493412843
32,"L3","Limerick","3","D1","Limerick3","Drought",59.3822916666667,66.8942708333333,0.887703699089826,0
32,"L3","Limerick","3","D2","Limerick3","Drought",33.80859375,66.8942708333333,0.505403427361274,0
32,"L3","Limerick","3","D3","Limerick3","Drought",67.9125,66.8942708333333,1.01522147044855,0
32,"L4","Limerick","4","C1","Limerick4","Control",41.08515625,42.7392361111111,0.961298328851481,140.165778636836
32,"L4","Limerick","4","C2","Limerick4","Control",43.71953125,42.7392361111111,1.02293665559067,140.165778636836
32,"L4","Limerick","4","C3","Limerick4","Control",43.4130208333333,42.7392361111111,1.01576501555785,140.165778636836
32,"L4","Limerick","4","D1","Limerick4","Drought",28.7442708333333,42.7392361111111,0.67254994353679,0
32,"L4","Limerick","4","D2","Limerick4","Drought",33.1002604166667,42.7392361111111,0.774470098871548,0
32,"L4","Limerick","4","D3","Limerick4","Drought",63.1138020833333,42.7392361111111,1.47671806578979,0
32,"L5","Limerick","5","C1","Limerick5","Control",46.5739583333333,40.14140625,1.16024730282919,225.850073337518
32,"L5","Limerick","5","C2","Limerick5","Control",37.9440104166667,40.14140625,0.945258623485984,225.850073337518
32,"L5","Limerick","5","C3","Limerick5","Control",35.90625,40.14140625,0.894494073684825,225.850073337518
32,"L5","Limerick","5","D1","Limerick5","Drought",36.9822916666667,40.14140625,0.921300350972798,0
32,"L5","Limerick","5","D2","Limerick5","Drought",47.2486979166667,40.14140625,1.1770563697346,0
32,"L5","Limerick","5","D3","Limerick5","Drought",40.8380208333333,40.14140625,1.01735401542723,0
64,"B1","Border","1","C1","Border1","Control",62.1697802197802,59.6739926739927,1.04182370634092,185.780075549534
64,"B1","Border","1","C2","Border1","Control",59.0854395604396,59.6739926739927,0.990137192314775,185.780075549534
64,"B1","Border","1","C3","Border1","Control",57.7667582417582,59.6739926739927,0.9680391013443,185.780075549534
64,"B1","Border","1","D1","Border1","Drought",56.9361263736264,59.6739926739927,0.954119605917378,0
64,"B1","Border","1","D2","Border1","Drought",47.4479395604396,59.6739926739927,0.795119237615861,0
64,"B1","Border","1","D3","Border1","Drought",34.3648351648352,59.6739926739927,0.575876250690565,0
64,"B3","Border","3","C1","Border3","Control",50.5471354166667,59.7313802083333,0.846240874400801,199.039627553407
64,"B3","Border","3","C2","Border3","Control",68.1889322916667,59.7313802083333,1.14159311326533,199.039627553407
64,"B3","Border","3","C3","Border3","Control",60.4580729166667,59.7313802083333,1.01216601233386,199.039627553407
64,"B3","Border","3","D1","Border3","Drought",59.4212239583333,59.7313802083333,0.994807482282877,0
64,"B3","Border","3","D2","Border3","Drought",38.5001302083333,59.7313802083333,0.644554505086793,0
64,"B3","Border","3","D3","Border3","Drought",52.1055989583333,59.7313802083333,0.872332076985288,0
64,"B5","Border","5","C1","Border5","Control",80.5493368700265,79.9734768733422,1.00720063725123,195.046963216353
64,"B5","Border","5","C2","Border5","Control",84.3208333333333,79.9734768733422,1.05435997820723,195.046963216353
64,"B5","Border","5","C3","Border5","Control",75.0502604166667,79.9734768733422,0.938439384541544,195.046963216353
64,"B5","Border","5","D1","Border5","Drought",65.605078125,79.9734768733422,0.82033544982547,0
64,"B5","Border","5","D2","Border5","Drought",47.4830729166667,79.9734768733422,0.593735257901415,0
64,"B5","Border","5","D3","Border5","Drought",60.084375,79.9734768733422,0.751303774064475,0
64,"C1","Cork","1","C1","Cork1","Control",39.7940104166667,47.4124131944444,0.839316283131725,216.154336452734
64,"C1","Cork","1","C2","Cork1","Control",50.3611979166667,47.4124131944444,1.06219436058082,216.154336452734
64,"C1","Cork","1","C3","Cork1","Control",52.08203125,47.4124131944444,1.09848935628745,216.154336452734
64,"C1","Cork","1","D1","Cork1","Drought",48.308984375,47.4124131944444,1.01891005161198,0
64,"C1","Cork","1","D2","Cork1","Drought",39.0174479166667,47.4124131944444,0.822937397357335,0
64,"C1","Cork","1","D3","Cork1","Drought",45.15625,47.4124131944444,0.952414082253278,0
64,"C2","Cork","2","C1","Cork2","Control",NA,29.8434244791667,NA,237.951861379492
64,"C2","Cork","2","C2","Cork2","Control",25.9829427083333,29.8434244791667,0.870642131785905,237.951861379492
64,"C2","Cork","2","C3","Cork2","Control",33.70390625,29.8434244791667,1.12935786821409,237.951861379492
64,"C2","Cork","2","D1","Cork2","Drought",33.0588541666667,29.8434244791667,1.10774332180761,0
64,"C2","Cork","2","D2","Cork2","Drought",40.0752604166667,29.8434244791667,1.34285059828314,0
64,"C2","Cork","2","D3","Cork2","Drought",44.3734375,29.8434244791667,1.48687485683744,0
64,"C3","Cork","3","C1","Cork3","Control",NA,NA,NA,207.805730341574
64,"C3","Cork","3","C2","Cork3","Control",NA,NA,NA,207.805730341574
64,"C3","Cork","3","C3","Cork3","Control",NA,NA,NA,207.805730341574
64,"C3","Cork","3","D1","Cork3","Drought",NA,NA,NA,0
64,"C3","Cork","3","D2","Cork3","Drought",NA,NA,NA,0
64,"C3","Cork","3","D3","Cork3","Drought",37.271484375,NA,NA,0
64,"C4","Cork","4","C1","Cork4","Control",54.2920572916667,55.4451822916667,0.979202431079872,210.081005096635
64,"C4","Cork","4","C2","Cork4","Control",58.2430989583333,55.4451822916667,1.05046275530214,210.081005096635
64,"C4","Cork","4","C3","Cork4","Control",53.800390625,55.4451822916667,0.970334813617993,210.081005096635
64,"C4","Cork","4","D1","Cork4","Drought",62.1911458333333,55.4451822916667,1.12166906596465,0
64,"C4","Cork","4","D2","Cork4","Drought",54.28046875,55.4451822916667,0.978993422087788,0
64,"C4","Cork","4","D3","Cork4","Drought",46.45,55.4451822916667,0.837764402246025,0
64,"C5","Cork","5","C1","Cork5","Control",56.9147135416667,56.9195746527778,0.999914596847556,203.502231120585
64,"C5","Cork","5","C2","Cork5","Control",55.1348958333333,56.9195746527778,0.968645605130899,203.502231120585
64,"C5","Cork","5","C3","Cork5","Control",58.7091145833333,56.9195746527778,1.03143979802154,203.502231120585
64,"C5","Cork","5","D1","Cork5","Drought",50.3033854166667,56.9195746527778,0.883762496883166,0
64,"C5","Cork","5","D2","Cork5","Drought",46.7203125,56.9195746527778,0.82081274825057,0
64,"C5","Cork","5","D3","Cork5","Drought",74.8680989583333,56.9195746527778,1.31533131466715,0
64,"D1","Dublin","1","C1","Dublin1","Control",56.2630208333333,49.7825086805556,1.13017648817905,177.287943840308
64,"D1","Dublin","1","C2","Dublin1","Control",46.3352864583333,49.7825086805556,0.9307543489955,177.287943840308
64,"D1","Dublin","1","C3","Dublin1","Control",46.74921875,49.7825086805556,0.93906916282545,177.287943840308
64,"D1","Dublin","1","D1","Dublin1","Drought",42.241796875,49.7825086805556,0.848526882123543,0
64,"D1","Dublin","1","D2","Dublin1","Drought",36.92265625,49.7825086805556,0.741679301196437,0
64,"D1","Dublin","1","D3","Dublin1","Drought",42.290234375,49.7825086805556,0.849499864427645,0
64,"D2","Dublin","2","C1","Dublin2","Control",38.6651041666667,40.0394965277778,0.965674084833769,224.530735493088
64,"D2","Dublin","2","C2","Dublin2","Control",44.4885416666667,40.0394965277778,1.11111641066222,224.530735493088
64,"D2","Dublin","2","C3","Dublin2","Control",36.96484375,40.0394965277778,0.923209504504016,224.530735493088
64,"D2","Dublin","2","D1","Dublin2","Drought",41.494921875,40.0394965277778,1.03634974146622,0
64,"D2","Dublin","2","D2","Dublin2","Drought",NA,40.0394965277778,NA,0
64,"D2","Dublin","2","D3","Dublin2","Drought",31.1026041666667,40.0394965277778,0.77679808348961,0
64,"D3","Dublin","3","C1","Dublin3","Control",62.2518229166667,58.1273871527778,1.07095512057077,222.173375607019
64,"D3","Dublin","3","C2","Dublin3","Control",59.293359375,58.1273871527778,1.02005891335108,222.173375607019
64,"D3","Dublin","3","C3","Dublin3","Control",52.8369791666667,58.1273871527778,0.908985966078155,222.173375607019
64,"D3","Dublin","3","D1","Dublin3","Drought",37.9450520833333,58.1273871527778,0.652791290680266,0
64,"D3","Dublin","3","D2","Dublin3","Drought",37.6830729166667,58.1273871527778,0.648284307320115,0
64,"D3","Dublin","3","D3","Dublin3","Drought",40.8623697916667,58.1273871527778,0.702979641666449,0
64,"D4","Dublin","4","C1","Dublin4","Control",56.2803385416667,57.5814670138889,0.977403693589321,225.163606643712
64,"D4","Dublin","4","C2","Dublin4","Control",62.6373697916667,57.5814670138889,1.08780434122247,225.163606643712
64,"D4","Dublin","4","C3","Dublin4","Control",53.8266927083333,57.5814670138889,0.934791965188211,225.163606643712
64,"D4","Dublin","4","D1","Dublin4","Drought",49.925,57.5814670138889,0.86703244271213,0
64,"D4","Dublin","4","D2","Dublin4","Drought",48.9352864583333,57.5814670138889,0.849844385634182,0
64,"D4","Dublin","4","D3","Dublin4","Drought",35.336328125,57.5814670138889,0.613675370870227,0
64,"D5","Dublin","5","C1","Dublin5","Control",92.4487138263666,89.7491345942328,1.03007916727374,223.097031593336
64,"D5","Dublin","5","C2","Dublin5","Control",91.7400291120815,89.7491345942328,1.02218288261887,223.097031593336
64,"D5","Dublin","5","C3","Dublin5","Control",85.0586608442504,89.7491345942328,0.947737950107389,223.097031593336
64,"D5","Dublin","5","D1","Dublin5","Drought",85.4196506550218,89.7491345942328,0.951760159484711,0
64,"D5","Dublin","5","D2","Dublin5","Drought",88.4959243085881,89.7491345942328,0.986036519557423,0
64,"D5","Dublin","5","D3","Dublin5","Drought",94.953711790393,89.7491345942328,1.05799027722875,0
64,"L1","Limerick","1","C1","Limerick1","Control",56.1419270833333,59.4559895833333,0.944260241512674,250.567164420965
64,"L1","Limerick","1","C2","Limerick1","Control",60.9384114583333,59.4559895833333,1.02493309564585,250.567164420965
64,"L1","Limerick","1","C3","Limerick1","Control",61.2876302083333,59.4559895833333,1.03080666284147,250.567164420965
64,"L1","Limerick","1","D1","Limerick1","Drought",52.505859375,59.4559895833333,0.883104624831918,0
64,"L1","Limerick","1","D2","Limerick1","Drought",57.1,59.4559895833333,0.960374226384186,0
64,"L1","Limerick","1","D3","Limerick1","Drought",45.9326822916667,59.4559895833333,0.772549285842557,0
64,"L2","Limerick","2","C1","Limerick2","Control",13.3555555555556,14.2549210366293,0.936908420694668,208.654193879772
64,"L2","Limerick","2","C2","Limerick2","Control",14.9540856031128,14.2549210366293,1.04904724233035,208.654193879772
64,"L2","Limerick","2","C3","Limerick2","Control",14.4551219512195,14.2549210366293,1.01404433697498,208.654193879772
64,"L2","Limerick","2","D1","Limerick2","Drought",11.1256880733945,14.2549210366293,0.78048051229509,0
64,"L2","Limerick","2","D2","Limerick2","Drought",13.271270718232,14.2549210366293,0.930995737130379,0
64,"L2","Limerick","2","D3","Limerick2","Drought",14.9651162790698,14.2549210366293,1.04982105762744,0
64,"L3","Limerick","3","C1","Limerick3","Control",69.5532552083333,68.6317274305556,1.01342713949187,217.370493412843
64,"L3","Limerick","3","C2","Limerick3","Control",67.3130208333333,68.6317274305556,0.980785758327932,217.370493412843
64,"L3","Limerick","3","C3","Limerick3","Control",69.02890625,68.6317274305556,1.0057871021802,217.370493412843
64,"L3","Limerick","3","D1","Limerick3","Drought",64.1811197916667,68.6317274305556,0.935152329607437,0
64,"L3","Limerick","3","D2","Limerick3","Drought",47.82578125,68.6317274305556,0.696846532070639,0
64,"L3","Limerick","3","D3","Limerick3","Drought",68.908203125,68.6317274305556,1.00402839480799,0
64,"L4","Limerick","4","C1","Limerick4","Control",58.6684895833333,61.6568576388889,0.951532267942395,140.165778636836
64,"L4","Limerick","4","C2","Limerick4","Control",61.0865885416667,61.6568576388889,0.990750921810479,140.165778636836
64,"L4","Limerick","4","C3","Limerick4","Control",65.2154947916667,61.6568576388889,1.05771681024713,140.165778636836
64,"L4","Limerick","4","D1","Limerick4","Drought",49.3138020833333,61.6568576388889,0.799810499136265,0
64,"L4","Limerick","4","D2","Limerick4","Drought",39.016976127321,61.6568576388889,0.632808378847899,0
64,"L4","Limerick","4","D3","Limerick4","Drought",73.128125,61.6568576388889,1.18605014592693,0
64,"L5","Limerick","5","C1","Limerick5","Control",47.95859375,40.9643663194444,1.17073930488791,225.850073337518
64,"L5","Limerick","5","C2","Limerick5","Control",36.5811197916667,40.9643663194444,0.892998551629073,225.850073337518
64,"L5","Limerick","5","C3","Limerick5","Control",38.3533854166667,40.9643663194444,0.93626214348302,225.850073337518
64,"L5","Limerick","5","D1","Limerick5","Drought",42.920703125,40.9643663194444,1.04775703816092,0
64,"L5","Limerick","5","D2","Limerick5","Drought",46.7647135416667,40.9643663194444,1.14159494564106,0
64,"L5","Limerick","5","D3","Limerick5","Drought",41.03203125,40.9643663194444,1.00165179976245,0
